Saleyard,Report Date
Bairnsdale,09/04/2025
Bairnsdale,02/04/2025
Bairnsdale,26/03/2025
Bairnsdale,19/03/2025
Bairnsdale,12/03/2025
Bairnsdale,05/03/2025
Bendigo,05/03/2025
Blackall,13/03/2025
Bombala,13/03/2025
Charters Towers,19/03/2025
Charters Towers,12/03/2025
Charters Towers,05/03/2025
CTLX Carcoar,07/04/2025
CTLX Carcoar,01/04/2025
CTLX Carcoar,25/03/2025
CTLX Carcoar,18/03/2025
CTLX Carcoar,11/03/2025
CTLX Carcoar,04/03/2025
CVLX Ballarat,09/04/2025
CVLX Ballarat,26/03/2025
CVLX Ballarat,12/03/2025
Dalby,09/04/2025
Dalby,02/04/2025
Dalby,26/03/2025
Dalby,19/03/2025
Dalby,12/03/2025
Dalby,05/03/2025
Dubbo,10/04/2025
Dubbo,03/04/2025
Dubbo,27/03/2025
Dubbo,20/03/2025
Dubbo,13/03/2025
Dubbo,06/03/2025
Echuca,09/04/2025
Echuca,02/04/2025
Echuca,26/03/2025
Echuca,19/03/2025
Echuca,12/03/2025
Echuca,05/03/2025
Gunnedah,08/04/2025
Gunnedah,01/04/2025
Gunnedah,25/03/2025
Gunnedah,18/03/2025
Gunnedah,11/03/2025
Gunnedah,04/03/2025
HRLX Singleton,09/04/2025
HRLX Singleton,02/04/2025
HRLX Singleton,26/03/2025
HRLX Singleton,19/03/2025
HRLX Singleton,12/03/2025
HRLX Singleton,05/03/2025
IRLX Inverell,08/04/2025
IRLX Inverell,01/04/2025
IRLX Inverell,25/03/2025
IRLX Inverell,18/03/2025
IRLX Inverell,11/03/2025
IRLX Inverell,04/03/2025
Leongatha,08/04/2025
Leongatha,01/04/2025
Leongatha,25/03/2025
Leongatha,18/03/2025
Leongatha,11/03/2025
Leongatha,04/03/2025
Mortlake,07/04/2025
Mortlake,31/03/2025
Mortlake,24/03/2025
Mortlake,17/03/2025
Mortlake,03/03/2025
Moss Vale,09/04/2025
Moss Vale,02/04/2025
Moss Vale,26/03/2025
Moss Vale,19/03/2025
Moss Vale,12/03/2025
Moss Vale,05/03/2025
Mount Barker,03/04/2025
Mount Barker,27/03/2025
Mount Barker,23/03/2025
Mount Barker,20/03/2025
Mount Barker,13/03/2025
Mount Barker,06/03/2025
Mt Compass,09/04/2025
Mt Compass,26/03/2025
Mt Compass,19/03/2025
Mt Compass,12/03/2025
Mt Compass,05/03/2025
Muchea,07/04/2025
Muchea,31/03/2025
Muchea,24/03/2025
Muchea,17/03/2025
Muchea,10/03/2025
Muchea,04/03/2025
Scone,08/04/2025
Scone,01/04/2025
Scone,25/03/2025
Scone,18/03/2025
Scone,11/03/2025
Scone,04/03/2025
SELX Yass,10/04/2025
SELX Yass,03/04/2025
SELX Yass,27/03/2025
SELX Yass,20/03/2025
SELX Yass,13/03/2025
SELX Yass,06/03/2025
Shepparton,08/04/2025
Shepparton,01/04/2025
Shepparton,25/03/2025
Shepparton,18/03/2025
Shepparton,11/03/2025
Shepparton,04/03/2025
TRLX Tamworth,07/04/2025
TRLX Tamworth,31/03/2025
TRLX Tamworth,24/03/2025
TRLX Tamworth,17/03/2025
TRLX Tamworth,10/03/2025
TRLX Tamworth,03/03/2025
Wagga,07/04/2025
Wagga,31/03/2025
Wagga,24/03/2025
Wagga,17/03/2025
Wagga,10/03/2025
Wagga,03/03/2025
Warwick,08/04/2025
Warwick,01/04/2025
Warwick,25/03/2025
Warwick,18/03/2025
Warwick,04/03/2025
Wycheproof,04/03/2025
Armidale,27/02/2025
Armidale,13/02/2025
Armidale,30/01/2025
Armidale,16/01/2025
Bairnsdale,26/02/2025
Bendigo,26/02/2025
Blackall,27/02/2025
Bombala,27/02/2025
Charters Towers,22/01/2025
CTLX Carcoar,25/02/2025
CVLX Ballarat,26/02/2025
Bendigo,15/04/2025
Bombala,15/04/2025
CTLX Carcoar,15/04/2025
CVLX Ballarat,12/02/2025
CVLX Ballarat,29/01/2025
CVLX Ballarat,15/01/2025
Dalby,26/02/2025
Dubbo,27/02/2025
Echuca,26/02/2025
Gunnedah,15/04/2025
HRLX Singleton,26/02/2025
Bairnsdale,19/02/2025
Bairnsdale,12/02/2025
Bendigo,12/02/2025
CTLX Carcoar,18/02/2025
Dubbo,20/02/2025
Dubbo,13/02/2025
Echuca,19/02/2025
Echuca,12/02/2025
Gunnedah,25/02/2025
Gunnedah,18/02/2025
HRLX Singleton,19/02/2025
HRLX Singleton,12/02/2025
IRLX Inverell,15/04/2025
IRLX Inverell,25/02/2025
IRLX Inverell,18/02/2025
Leongatha,15/04/2025
Forbes,14/04/2025
Forbes,07/04/2025
Forbes,31/03/2025
Forbes,24/03/2025
Forbes,17/03/2025
Forbes,10/03/2025
Forbes,03/03/2025
Forbes,24/02/2025
Forbes,17/02/2025
Mount Barker,10/04/2025
Mount Barker,28/02/2025
Mount Barker,27/02/2025
Mt Compass,19/02/2025
Mt Compass,12/02/2025
Mt Compass,05/02/2025
Mt Compass,29/01/2025
Muchea,14/04/2025
Muchea,24/02/2025
Muchea,17/02/2025
NVLX Barnawartha,17/02/2025
NVLX Wodonga,15/04/2025
NVLX Wodonga,08/04/2025
NVLX Wodonga,01/04/2025
NVLX Wodonga,25/03/2025
NVLX Wodonga,18/03/2025
NVLX Wodonga,11/03/2025
NVLX Wodonga,04/03/2025
NVLX Wodonga,25/02/2025
NVLX Wodonga,18/02/2025
Powranna,15/04/2025
Powranna,08/04/2025
Powranna,01/04/2025
Powranna,25/03/2025
Powranna,18/03/2025
Powranna,11/03/2025
Powranna,04/03/2025
Powranna,25/02/2025
Powranna,18/02/2025
Scone,15/04/2025
Scone,25/02/2025
Scone,18/02/2025
SELX Yass,27/02/2025
SELX Yass,20/02/2025
SELX Yass,13/02/2025
Shepparton,15/04/2025
Shepparton,25/02/2025
Shepparton,18/02/2025
TRLX Tamworth,14/04/2025
TRLX Tamworth,24/02/2025
TRLX Tamworth,17/02/2025
Wagga,14/04/2025
Wagga,24/02/2025
Wagga,17/02/2025
Warwick,15/04/2025
Warwick,25/02/2025
Warwick,18/02/2025
Warwick,11/02/2025
Wycheproof,11/02/2025
Armidale,12/12/2024
Armidale,05/12/2024
Bendigo,05/12/2024
Blackall,28/11/2024
Blackall,14/11/2024
Blackall,31/10/2024
Blackall,17/10/2024
Blackall,26/09/2024
Blackall,12/09/2024
Blackall,29/08/2024
Bombala,29/08/2024
Charters Towers,11/12/2024
Charters Towers,04/12/2024
Charters Towers,27/11/2024
Charters Towers,20/11/2024
Charters Towers,13/11/2024
CVLX Ballarat,11/12/2024
CVLX Ballarat,27/11/2024
Dalby,19/02/2025
Dalby,12/02/2025
Griffith,12/02/2025
Leongatha,25/02/2025
Leongatha,18/02/2025
Lismore,31/01/2024
Lismore,24/01/2024
Lismore,17/01/2024
Lismore,10/01/2024
Mortlake,14/04/2025
Mortlake,24/02/2025
Mortlake,17/02/2025
Mortlake,10/02/2025
Moss Vale,26/02/2025
Moss Vale,19/02/2025
Moss Vale,12/02/2025
NVLX Barnawartha,12/02/2025
Toowoomba,24/06/2024
Toowoomba,17/06/2024
Toowoomba,10/06/2024
Toowoomba,03/06/2024
Toowoomba,27/05/2024
Toowoomba,20/05/2024
Toowoomba,13/05/2024
Toowoomba,22/04/2024
Toowoomba,15/04/2024
Armidale,21/11/2024
Armidale,07/11/2024
Armidale,24/10/2024
Armidale,10/10/2024
Armidale,26/09/2024
Armidale,12/09/2024
Armidale,29/08/2024
Armidale,15/08/2024
Armidale,01/08/2024
Armidale,18/07/2024
Armidale,04/07/2024
Armidale,20/06/2024
Armidale,13/06/2024
Armidale,30/05/2024
Armidale,16/05/2024
Armidale,02/05/2024
Armidale,18/04/2024
Armidale,04/04/2024
Armidale,21/03/2024
Armidale,14/03/2024
Armidale,29/02/2024
Armidale,15/02/2024
Armidale,01/02/2024
Armidale,18/01/2024
Bairnsdale,05/02/2025
Bairnsdale,29/01/2025
Bairnsdale,22/01/2025
Bairnsdale,15/01/2025
Bairnsdale,08/01/2025
Bairnsdale,18/12/2024
Bairnsdale,11/12/2024
Bairnsdale,04/12/2024
Bairnsdale,27/11/2024
Bairnsdale,20/11/2024
Bairnsdale,13/11/2024
Bendigo,13/11/2024
Bairnsdale,06/11/2024
Bairnsdale,30/10/2024
Bairnsdale,23/10/2024
Bairnsdale,16/10/2024
Bairnsdale,09/10/2024
Bairnsdale,02/10/2024
Bairnsdale,25/09/2024
Bairnsdale,18/09/2024
Bairnsdale,11/09/2024
Bairnsdale,04/09/2024
Bairnsdale,28/08/2024
Bairnsdale,21/08/2024
Bairnsdale,14/08/2024
Bairnsdale,07/08/2024
Bairnsdale,31/07/2024
Bairnsdale,24/07/2024
Bairnsdale,17/07/2024
Bairnsdale,10/07/2024
Bairnsdale,03/07/2024
Bairnsdale,20/06/2024
Bairnsdale,06/06/2024
Bairnsdale,30/05/2024
Bairnsdale,16/05/2024
Bairnsdale,02/05/2024
Bairnsdale,18/04/2024
Bairnsdale,04/04/2024
Bairnsdale,14/03/2024
Bairnsdale,29/02/2024
Bairnsdale,15/02/2024
Bairnsdale,01/02/2024
Bairnsdale,18/01/2024
Bendigo,18/01/2024
Blackall,15/08/2024
Blackall,08/08/2024
Blackall,25/07/2024
Blackall,11/07/2024
Blackall,27/06/2024
Blackall,13/06/2024
Blackall,30/05/2024
Charters Towers,06/11/2024
Charters Towers,30/10/2024
CTLX Carcoar,11/02/2025
CTLX Carcoar,04/02/2025
CTLX Carcoar,28/01/2025
CTLX Carcoar,21/01/2025
CTLX Carcoar,14/01/2025
CTLX Carcoar,07/01/2025
CTLX Carcoar,17/12/2024
CTLX Carcoar,10/12/2024
CTLX Carcoar,03/12/2024
CTLX Carcoar,26/11/2024
CTLX Carcoar,19/11/2024
CVLX Ballarat,13/11/2024
CVLX Ballarat,30/10/2024
CVLX Ballarat,16/10/2024
CVLX Ballarat,02/10/2024
Blackall,23/05/2024
Blackall,16/05/2024
Blackall,09/05/2024
Blackall,02/05/2024
Blackall,11/04/2024
Blackall,04/04/2024
Blackall,14/03/2024
Blackall,07/03/2024
Blackall,29/02/2024
Blackall,22/02/2024
Blackall,15/02/2024
Charters Towers,23/10/2024
Charters Towers,18/10/2024
Charters Towers,16/10/2024
Charters Towers,09/10/2024
Charters Towers,02/10/2024
Charters Towers,25/09/2024
Charters Towers,18/09/2024
Charters Towers,11/09/2024
Charters Towers,04/09/2024
Charters Towers,28/08/2024
Charters Towers,14/08/2024
Charters Towers,07/08/2024
Charters Towers,31/07/2024
Charters Towers,24/07/2024
Charters Towers,17/07/2024
Charters Towers,10/07/2024
Charters Towers,26/06/2024
Charters Towers,19/06/2024
Charters Towers,12/06/2024
Charters Towers,05/06/2024
Charters Towers,29/05/2024
Charters Towers,22/05/2024
Charters Towers,15/05/2024
Charters Towers,16/04/2025
Charters Towers,08/05/2024
Charters Towers,01/05/2024
Charters Towers,24/04/2024
Charters Towers,17/04/2024
Charters Towers,10/04/2024
Charters Towers,03/04/2024
Charters Towers,13/03/2024
Charters Towers,28/02/2024
Charters Towers,14/02/2024
Charters Towers,17/01/2024
CQLX Gracemere,09/04/2025
CQLX Gracemere,26/03/2025
CQLX Gracemere,19/03/2025
CQLX Gracemere,12/03/2025
CQLX Gracemere,05/03/2025
CQLX Gracemere,26/02/2025
CQLX Gracemere,19/02/2025
CQLX Gracemere,14/02/2025
CQLX Gracemere,05/02/2025
CQLX Gracemere,29/01/2025
CQLX Gracemere,22/01/2025
CQLX Gracemere,15/01/2025
CQLX Gracemere,11/12/2024
CQLX Gracemere,04/12/2024
CQLX Gracemere,27/11/2024
CQLX Gracemere,20/11/2024
CQLX Gracemere,13/11/2024
CTLX Carcoar,12/11/2024
CTLX Carcoar,05/11/2024
CTLX Carcoar,29/10/2024
CTLX Carcoar,22/10/2024
CTLX Carcoar,15/10/2024
CTLX Carcoar,08/10/2024
CTLX Carcoar,01/10/2024
CTLX Carcoar,24/09/2024
CTLX Carcoar,17/09/2024
CTLX Carcoar,10/09/2024
CTLX Carcoar,03/09/2024
CTLX Carcoar,27/08/2024
CTLX Carcoar,20/08/2024
CTLX Carcoar,13/08/2024
CTLX Carcoar,06/08/2024
CTLX Carcoar,30/07/2024
CTLX Carcoar,23/07/2024
CTLX Carcoar,16/07/2024
CTLX Carcoar,09/07/2024
CTLX Carcoar,02/07/2024
CTLX Carcoar,25/06/2024
CVLX Ballarat,18/09/2024
CVLX Ballarat,04/09/2024
CVLX Ballarat,21/08/2024
CVLX Ballarat,07/08/2024
CVLX Ballarat,24/07/2024
CVLX Ballarat,10/07/2024
CVLX Ballarat,26/06/2024
CVLX Ballarat,12/06/2024
CVLX Ballarat,29/05/2024
CVLX Ballarat,15/05/2024
CVLX Ballarat,01/05/2024
CVLX Ballarat,17/04/2024
CVLX Ballarat,03/04/2024
CVLX Ballarat,20/03/2024
CVLX Ballarat,06/03/2024
CVLX Ballarat,21/02/2024
CVLX Ballarat,07/02/2024
CVLX Ballarat,24/01/2024
CVLX Ballarat,10/01/2024
Dalby,16/04/2025
Dalby,05/02/2025
Dalby,29/01/2025
Dalby,22/01/2025
Dalby,15/01/2025
Dalby,08/01/2025
Dalby,11/12/2024
Dalby,04/12/2024
Dalby,27/11/2024
Dalby,20/11/2024
Dalby,13/11/2024
Dalby,06/11/2024
Dubbo,06/02/2025
Dubbo,30/01/2025
Dubbo,23/01/2025
Dubbo,16/01/2025
Dubbo,09/01/2025
Dubbo,12/12/2024
Dubbo,05/12/2024
Dubbo,28/11/2024
Dubbo,21/11/2024
Dubbo,14/11/2024
Dubbo,07/11/2024
Dubbo,31/10/2024
Dubbo,24/10/2024
Dubbo,17/10/2024
Dubbo,10/10/2024
Dubbo,03/10/2024
Echuca,16/04/2025
Echuca,05/02/2025
Echuca,29/01/2025
Echuca,22/01/2025
Echuca,15/01/2025
Echuca,04/12/2024
Echuca,20/11/2024
Echuca,06/11/2024
Emerald,08/08/2024
Emerald,01/08/2024
Emerald,25/07/2024
Emerald,18/07/2024
Emerald,11/07/2024
Emerald,27/06/2024
Emerald,20/06/2024
Emerald,13/06/2024
Emerald,06/06/2024
Emerald,30/05/2024
Emerald,23/05/2024
Emerald,16/05/2024
Emerald,02/05/2024
Emerald,18/04/2024
Emerald,11/04/2024
Emerald,04/04/2024
Emerald,21/03/2024
Emerald,14/03/2024
Emerald,07/03/2024
Emerald,29/02/2024
Emerald,22/02/2024
Emerald,15/02/2024
Emerald,08/02/2024
Emerald,01/02/2024
Emerald,25/01/2024
Emerald,18/01/2024
Forbes,10/02/2025
Forbes,03/02/2025
Forbes,20/01/2025
Forbes,13/01/2025
Forbes,06/01/2025
Forbes,16/12/2024
Forbes,09/12/2024
Forbes,02/12/2024
Forbes,25/11/2024
Forbes,18/11/2024
Forbes,11/11/2024
Forbes,04/11/2024
Forbes,28/10/2024
Forbes,21/10/2024
Forbes,14/10/2024
Forbes,30/09/2024
Forbes,23/09/2024
Forbes,16/09/2024
Forbes,09/09/2024
Forbes,02/09/2024
Forbes,26/08/2024
Forbes,19/08/2024
Forbes,12/08/2024
Forbes,05/08/2024
Forbes,29/07/2024
Forbes,22/07/2024
Gunnedah,11/02/2025
Gunnedah,04/02/2025
Gunnedah,28/01/2025
Gunnedah,21/01/2025
Gunnedah,14/01/2025
Gunnedah,07/01/2025
Gunnedah,17/12/2024
Gunnedah,10/12/2024
Gunnedah,03/12/2024
Gunnedah,26/11/2024
Gunnedah,19/11/2024
Gunnedah,12/11/2024
Gunnedah,05/11/2024
Gunnedah,29/10/2024
Gunnedah,22/10/2024
Gunnedah,15/10/2024
Gunnedah,08/10/2024
Gunnedah,01/10/2024
Gunnedah,24/09/2024
Gunnedah,17/09/2024
Gunnedah,10/09/2024
Gunnedah,03/09/2024
Gunnedah,27/08/2024
Gunnedah,20/08/2024
Gunnedah,13/08/2024
Gunnedah,06/08/2024
Gunnedah,30/07/2024
Gunnedah,23/07/2024
Gunnedah,16/07/2024
Gunnedah,09/07/2024
HRLX Singleton,05/02/2025
HRLX Singleton,29/01/2025
HRLX Singleton,22/01/2025
HRLX Singleton,15/01/2025
HRLX Singleton,08/01/2025
HRLX Singleton,11/12/2024
HRLX Singleton,04/12/2024
HRLX Singleton,27/11/2024
HRLX Singleton,20/11/2024
HRLX Singleton,13/11/2024
HRLX Singleton,06/11/2024
HRLX Singleton,30/10/2024
HRLX Singleton,23/10/2024
HRLX Singleton,16/10/2024
HRLX Singleton,09/10/2024
HRLX Singleton,02/10/2024
HRLX Singleton,25/09/2024
HRLX Singleton,18/09/2024
HRLX Singleton,11/09/2024
HRLX Singleton,04/09/2024
HRLX Singleton,28/08/2024
HRLX Singleton,21/08/2024
HRLX Singleton,14/08/2024
HRLX Singleton,07/08/2024
IRLX Inverell,11/02/2025
IRLX Inverell,04/02/2025
IRLX Inverell,28/01/2025
IRLX Inverell,21/01/2025
IRLX Inverell,14/01/2025
IRLX Inverell,07/01/2025
IRLX Inverell,10/12/2024
IRLX Inverell,03/12/2024
IRLX Inverell,26/11/2024
IRLX Inverell,19/11/2024
IRLX Inverell,12/11/2024
IRLX Inverell,05/11/2024
IRLX Inverell,29/10/2024
IRLX Inverell,22/10/2024
IRLX Inverell,15/10/2024
IRLX Inverell,08/10/2024
IRLX Inverell,01/10/2024
IRLX Inverell,24/09/2024
IRLX Inverell,17/09/2024
IRLX Inverell,10/09/2024
IRLX Inverell,03/09/2024
IRLX Inverell,27/08/2024
IRLX Inverell,20/08/2024
IRLX Inverell,13/08/2024
IRLX Inverell,06/08/2024
IRLX Inverell,30/07/2024
IRLX Inverell,23/07/2024
IRLX Inverell,16/07/2024
IRLX Inverell,09/07/2024
IRLX Inverell,02/07/2024
IRLX Inverell,25/06/2024
IRLX Inverell,18/06/2024
IRLX Inverell,11/06/2024
IRLX Inverell,04/06/2024
IRLX Inverell,28/05/2024
IRLX Inverell,21/05/2024
IRLX Inverell,14/05/2024
IRLX Inverell,07/05/2024
IRLX Inverell,30/04/2024
Leongatha,11/02/2025
Leongatha,04/02/2025
Leongatha,28/01/2025
Leongatha,21/01/2025
Leongatha,14/01/2025
Leongatha,07/01/2025
Leongatha,17/12/2024
Leongatha,10/12/2024
Leongatha,03/12/2024
Mortlake,03/02/2025
Mortlake,20/01/2025
Mortlake,13/01/2025
Mortlake,06/01/2025
Mortlake,16/12/2024
Mortlake,09/12/2024
Moss Vale,16/04/2025
Moss Vale,05/02/2025
Moss Vale,29/01/2025
Moss Vale,22/01/2025
Moss Vale,15/01/2025
Moss Vale,08/01/2025
Mount Barker,21/02/2025
Mount Barker,20/02/2025
Mount Barker,14/02/2025
Mount Barker,13/02/2025
Mount Barker,07/02/2025
Mount Barker,06/02/2025
Muchea,10/02/2025
Muchea,03/02/2025
Muchea,28/01/2025
Muchea,20/01/2025
Muchea,13/01/2025
Muchea,06/01/2025
Muchea,16/12/2024
Muchea,09/12/2024
Muchea,02/12/2024
Muchea,25/11/2024
Muchea,18/11/2024
Muchea,11/11/2024
Muchea,04/11/2024
Muchea,28/10/2024
Muchea,21/10/2024
Muchea,14/10/2024
Muchea,07/10/2024
Muchea,30/09/2024
Naracoorte,15/04/2025
Naracoorte,08/04/2025
Naracoorte,01/04/2025
Naracoorte,25/03/2025
Naracoorte,18/03/2025
Naracoorte,11/03/2025
Naracoorte,04/03/2025
Naracoorte,25/02/2025
Naracoorte,18/02/2025
Naracoorte,11/02/2025
Naracoorte,04/02/2025
Naracoorte,28/01/2025
Naracoorte,21/01/2025
Naracoorte,14/01/2025
Naracoorte,07/01/2025
Naracoorte,17/12/2024
Naracoorte,10/12/2024
Naracoorte,03/12/2024
Naracoorte,26/11/2024
Naracoorte,19/11/2024
Naracoorte,12/11/2024
Naracoorte,05/11/2024
Naracoorte,29/10/2024
Naracoorte,22/10/2024
Naracoorte,15/10/2024
Naracoorte,08/10/2024
Naracoorte,01/10/2024
Naracoorte,24/09/2024
Naracoorte,17/09/2024
Naracoorte,10/09/2024
Naracoorte,03/09/2024
Naracoorte,27/08/2024
Naracoorte,20/08/2024
Naracoorte,13/08/2024
Naracoorte,06/08/2024
Naracoorte,30/07/2024
NVLX Wodonga,11/02/2025
NVLX Wodonga,04/02/2025
NVLX Wodonga,28/01/2025
NVLX Wodonga,21/01/2025
NVLX Wodonga,14/01/2025
NVLX Wodonga,17/12/2024
Oakey,23/09/2024
Oakey,06/05/2024
Oakey,20/02/2024
Oakey,07/02/2024
Oakey,06/02/2024
Powranna,11/02/2025
Powranna,04/02/2025
Powranna,29/01/2025
Powranna,21/01/2025
Powranna,14/01/2025
Powranna,07/01/2025
Powranna,17/12/2024
Powranna,10/12/2024
Powranna,03/12/2024
Powranna,26/11/2024
Powranna,19/11/2024
Powranna,12/11/2024
Powranna,05/11/2024
Powranna,29/10/2024
Powranna,22/10/2024
Powranna,15/10/2024
Powranna,08/10/2024
Powranna,01/10/2024
Powranna,24/09/2024
Powranna,17/09/2024
Powranna,10/09/2024
Powranna,03/09/2024
Powranna,27/08/2024
Powranna,20/08/2024
Powranna,13/08/2024
Powranna,06/08/2024
Powranna,30/07/2024
Powranna,23/07/2024
Powranna,16/07/2024
Powranna,09/07/2024
Powranna,02/07/2024
Powranna,25/06/2024
Powranna,18/06/2024
Powranna,11/06/2024
Powranna,04/06/2024
Powranna,28/05/2024
Powranna,21/05/2024
Powranna,14/05/2024
Powranna,07/05/2024
Powranna,30/04/2024
Powranna,23/04/2024
Powranna,16/04/2024
Powranna,09/04/2024
Powranna,02/04/2024
Powranna,26/03/2024
Powranna,19/03/2024
Powranna,12/03/2024
Powranna,05/03/2024
Powranna,27/02/2024
Powranna,20/02/2024
Powranna,13/02/2024
Powranna,06/02/2024
Powranna,30/01/2024
Powranna,23/01/2024
Powranna,16/01/2024
Powranna,09/01/2024
Roma Store,15/04/2025
Roma Store,08/04/2025
Roma Store,25/03/2025
Roma Store,18/03/2025
Roma Store,11/03/2025
Roma Store,04/03/2025
Roma Store,25/02/2025
Roma Store,18/02/2025
Roma Store,11/02/2025
SA Livestock Exchange,15/04/2025
SA Livestock Exchange,01/04/2025
SA Livestock Exchange,25/03/2025
SA Livestock Exchange,18/03/2025
SA Livestock Exchange,11/03/2025
SA Livestock Exchange,04/03/2025
SA Livestock Exchange,18/02/2025
SA Livestock Exchange,11/02/2025
SA Livestock Exchange,04/02/2025
SA Livestock Exchange,28/01/2025
SA Livestock Exchange,21/01/2025
SA Livestock Exchange,14/01/2025
SA Livestock Exchange,07/01/2025
SA Livestock Exchange,17/12/2024
SA Livestock Exchange,10/12/2024
SA Livestock Exchange,03/12/2024
SA Livestock Exchange,19/11/2024
SA Livestock Exchange,12/11/2024
SA Livestock Exchange,05/11/2024
SA Livestock Exchange,29/10/2024
SA Livestock Exchange,22/10/2024
SA Livestock Exchange,15/10/2024
SA Livestock Exchange,08/10/2024
SA Livestock Exchange,01/10/2024
SA Livestock Exchange,24/09/2024
SA Livestock Exchange,17/09/2024
SA Livestock Exchange,10/09/2024
SA Livestock Exchange,27/08/2024
SA Livestock Exchange,13/08/2024
SA Livestock Exchange,06/08/2024
SA Livestock Exchange,30/07/2024
SA Livestock Exchange,16/07/2024
SA Livestock Exchange,09/07/2024
SA Livestock Exchange,25/06/2024
SA Livestock Exchange,18/06/2024
SA Livestock Exchange,11/06/2024
SA Livestock Exchange,04/06/2024
SA Livestock Exchange,28/05/2024
SA Livestock Exchange,21/05/2024
SA Livestock Exchange,14/05/2024
SA Livestock Exchange,07/05/2024
SA Livestock Exchange,30/04/2024
SA Livestock Exchange,23/04/2024
SA Livestock Exchange,09/04/2024
SA Livestock Exchange,19/03/2024
SA Livestock Exchange,12/03/2024
SA Livestock Exchange,05/03/2024
SA Livestock Exchange,27/02/2024
SA Livestock Exchange,20/02/2024
SA Livestock Exchange,13/02/2024
SA Livestock Exchange,06/02/2024
SA Livestock Exchange,30/01/2024
SA Livestock Exchange,23/01/2024
SA Livestock Exchange,16/01/2024
Scone,11/02/2025
Scone,04/02/2025
Scone,28/01/2025
SELX Yass,06/02/2025
SELX Yass,30/01/2025
SELX Yass,23/01/2025
SELX Yass,16/01/2025
SELX Yass,09/01/2025
SELX Yass,19/12/2024
SELX Yass,12/12/2024
SELX Yass,05/12/2024
SELX Yass,28/11/2024
SELX Yass,21/11/2024
Shepparton,11/02/2025
Shepparton,04/02/2025
Shepparton,28/01/2025
Shepparton,21/01/2025
Shepparton,14/01/2025
Shepparton,07/01/2025
Shepparton,10/12/2024
Shepparton,03/12/2024
Shepparton,26/11/2024
Shepparton,19/11/2024
Shepparton,12/11/2024
Shepparton,05/11/2024
Shepparton,29/10/2024
Shepparton,22/10/2024
Shepparton,15/10/2024
Shepparton,08/10/2024
Shepparton,01/10/2024
Toowoomba,25/03/2024
Toowoomba,18/03/2024
Toowoomba,11/03/2024
Toowoomba,04/03/2024
Toowoomba,26/02/2024
Toowoomba,19/02/2024
Toowoomba,12/02/2024
Toowoomba,05/02/2024
TRLX Tamworth,10/02/2025
TRLX Tamworth,03/02/2025
TRLX Tamworth,20/01/2025
TRLX Tamworth,13/01/2025
TRLX Tamworth,06/01/2025
TRLX Tamworth,16/12/2024
TRLX Tamworth,09/12/2024
TRLX Tamworth,02/12/2024
TRLX Tamworth,18/11/2024
TRLX Tamworth,11/11/2024
TRLX Tamworth,04/11/2024
TRLX Tamworth,28/10/2024
TRLX Tamworth,21/10/2024
TRLX Tamworth,14/10/2024
TRLX Tamworth,30/09/2024
TRLX Tamworth,23/09/2024
TRLX Tamworth,16/09/2024
TRLX Tamworth,09/09/2024
TRLX Tamworth,02/09/2024
TRLX Tamworth,26/08/2024
TRLX Tamworth,19/08/2024
TRLX Tamworth,12/08/2024
TRLX Tamworth,05/08/2024
TRLX Tamworth,29/07/2024
TRLX Tamworth,22/07/2024
TRLX Tamworth,15/07/2024
TRLX Tamworth,08/07/2024
TRLX Tamworth,01/07/2024
TRLX Tamworth,24/06/2024
TRLX Tamworth,17/06/2024
TRLX Tamworth,03/06/2024
TRLX Tamworth,27/05/2024
TRLX Tamworth,20/05/2024
TRLX Tamworth,13/05/2024
TRLX Tamworth,06/05/2024
TRLX Tamworth,29/04/2024
TRLX Tamworth,22/04/2024
TRLX Tamworth,15/04/2024
Wagga,10/02/2025
Wagga,03/02/2025
Wagga,20/01/2025
Wagga,13/01/2025
Wagga,06/01/2025
Wagga,16/12/2024
Wagga,09/12/2024
Wagga,02/12/2024
Warwick,04/02/2025
Warwick,28/01/2025
Warwick,21/01/2025
Warwick,14/01/2025
Warwick,26/11/2024
Warwick,19/11/2024
Warwick,12/11/2024
Warwick,05/11/2024
Armidale,07/12/2023
Armidale,23/11/2023
Armidale,09/11/2023
Armidale,26/10/2023
Armidale,12/10/2023
Armidale,28/09/2023
Armidale,14/09/2023
Armidale,31/08/2023
Armidale,17/08/2023
Armidale,03/08/2023
Armidale,20/07/2023
Armidale,06/07/2023
Armidale,22/06/2023
Armidale,08/06/2023
Armidale,25/05/2023
Armidale,11/05/2023
Armidale,27/04/2023
Armidale,13/04/2023
Armidale,30/03/2023
Armidale,16/03/2023
Armidale,02/03/2023
Armidale,16/02/2023
Armidale,02/02/2023
Armidale,19/01/2023
Bairnsdale,14/12/2023
Bairnsdale,30/11/2023
Bairnsdale,16/11/2023
Bairnsdale,02/11/2023
Bairnsdale,19/10/2023
Bairnsdale,05/10/2023
Bairnsdale,14/09/2023
Bairnsdale,31/08/2023
Bairnsdale,17/08/2023
Bairnsdale,03/08/2023
Bairnsdale,20/07/2023
Bairnsdale,06/07/2023
Bairnsdale,29/06/2023
Bairnsdale,15/06/2023
Bairnsdale,01/06/2023
Bairnsdale,25/05/2023
Bairnsdale,18/05/2023
Bairnsdale,04/05/2023
Bairnsdale,27/04/2023
Bairnsdale,20/04/2023
Bairnsdale,13/04/2023
Bairnsdale,30/03/2023
Blackall,07/12/2023
Blackall,30/11/2023
Blackall,26/10/2023
Blackall,28/09/2023
Blackall,31/08/2023
Blackall,17/08/2023
Blackall,27/07/2023
Blackall,29/06/2023
Blackall,15/06/2023
Blackall,08/06/2023
Blackall,25/05/2023
Blackall,04/05/2023
Blackall,27/04/2023
Blackall,13/04/2023
Blackall,30/03/2023
Blackall,23/02/2023
Charters Towers,13/12/2023
Charters Towers,29/11/2023
Charters Towers,15/11/2023
Charters Towers,01/11/2023
Charters Towers,18/10/2023
Charters Towers,11/10/2023
Charters Towers,27/09/2023
Charters Towers,20/09/2023
Charters Towers,13/09/2023
Charters Towers,06/09/2023
Charters Towers,30/08/2023
Charters Towers,23/08/2023
Charters Towers,16/08/2023
Charters Towers,09/08/2023
Charters Towers,02/08/2023
Charters Towers,26/07/2023
Charters Towers,19/07/2023
Charters Towers,12/07/2023
Charters Towers,05/07/2023
Charters Towers,28/06/2023
Charters Towers,21/06/2023
Charters Towers,14/06/2023
Charters Towers,07/06/2023
Charters Towers,31/05/2023
Charters Towers,24/05/2023
Charters Towers,17/05/2023
Charters Towers,10/05/2023
Charters Towers,03/05/2023
CQLX Gracemere,06/11/2024
CQLX Gracemere,30/10/2024
CQLX Gracemere,23/10/2024
CQLX Gracemere,18/10/2024
CQLX Gracemere,02/10/2024
CQLX Gracemere,25/09/2024
CQLX Gracemere,11/09/2024
CQLX Gracemere,04/09/2024
CQLX Gracemere,28/08/2024
CQLX Gracemere,21/08/2024
CQLX Gracemere,14/08/2024
CQLX Gracemere,07/08/2024
CQLX Gracemere,31/07/2024
CQLX Gracemere,24/07/2024
CQLX Gracemere,17/07/2024
CQLX Gracemere,10/07/2024
CQLX Gracemere,03/07/2024
CQLX Gracemere,26/06/2024
CQLX Gracemere,19/06/2024
CQLX Gracemere,12/06/2024
CQLX Gracemere,05/06/2024
CQLX Gracemere,29/05/2024
CQLX Gracemere,22/05/2024
CQLX Gracemere,15/05/2024
CQLX Gracemere,08/05/2024
CQLX Gracemere,06/05/2024
CQLX Gracemere,01/05/2024
CQLX Gracemere,24/04/2024
CQLX Gracemere,17/04/2024
CQLX Gracemere,10/04/2024
CQLX Gracemere,03/04/2024
CQLX Gracemere,27/03/2024
CQLX Gracemere,20/03/2024
CQLX Gracemere,13/03/2024
CQLX Gracemere,06/03/2024
CQLX Gracemere,28/02/2024
CQLX Gracemere,21/02/2024
CQLX Gracemere,16/02/2024
CQLX Gracemere,07/02/2024
CQLX Gracemere,31/01/2024
CQLX Gracemere,24/01/2024
CQLX Gracemere,17/01/2024
CQLX Gracemere,13/12/2023
CQLX Gracemere,06/12/2023
CQLX Gracemere,29/11/2023
CQLX Gracemere,22/11/2023
CQLX Gracemere,15/11/2023
CQLX Gracemere,08/11/2023
CQLX Gracemere,01/11/2023
CQLX Gracemere,25/10/2023
CQLX Gracemere,18/10/2023
CQLX Gracemere,11/10/2023
CQLX Gracemere,27/09/2023
CQLX Gracemere,20/09/2023
CQLX Gracemere,06/09/2023
CQLX Gracemere,30/08/2023
CTLX Carcoar,18/06/2024
CTLX Carcoar,11/06/2024
CTLX Carcoar,04/06/2024
CTLX Carcoar,28/05/2024
CTLX Carcoar,21/05/2024
CTLX Carcoar,14/05/2024
CTLX Carcoar,07/05/2024
CTLX Carcoar,30/04/2024
CTLX Carcoar,23/04/2024
CTLX Carcoar,16/04/2024
CTLX Carcoar,09/04/2024
CTLX Carcoar,02/04/2024
CTLX Carcoar,26/03/2024
CTLX Carcoar,19/03/2024
CTLX Carcoar,12/03/2024
CTLX Carcoar,05/03/2024
CTLX Carcoar,27/02/2024
CTLX Carcoar,20/02/2024
CTLX Carcoar,13/02/2024
CTLX Carcoar,06/02/2024
CTLX Carcoar,30/01/2024
CTLX Carcoar,23/01/2024
CTLX Carcoar,16/01/2024
CTLX Carcoar,09/01/2024
CTLX Carcoar,19/12/2023
CTLX Carcoar,12/12/2023
CTLX Carcoar,05/12/2023
CTLX Carcoar,28/11/2023
CVLX Ballarat,13/12/2023
CVLX Ballarat,29/11/2023
CVLX Ballarat,15/11/2023
CVLX Ballarat,01/11/2023
CVLX Ballarat,18/10/2023
CVLX Ballarat,04/10/2023
CVLX Ballarat,20/09/2023
CVLX Ballarat,06/09/2023
CVLX Ballarat,23/08/2023
CVLX Ballarat,09/08/2023
CVLX Ballarat,26/07/2023
CVLX Ballarat,12/07/2023
CVLX Ballarat,28/06/2023
CVLX Ballarat,14/06/2023
CVLX Ballarat,31/05/2023
CVLX Ballarat,17/05/2023
CVLX Ballarat,03/05/2023
CVLX Ballarat,19/04/2023
CVLX Ballarat,05/04/2023
CVLX Ballarat,22/03/2023
CVLX Ballarat,08/03/2023
CVLX Ballarat,20/02/2023
CVLX Ballarat,06/02/2023
CVLX Ballarat,23/01/2023
CVLX Ballarat,09/01/2023
Dalby,30/10/2024
Dalby,23/10/2024
Dalby,16/10/2024
Dalby,09/10/2024
Dalby,02/10/2024
Dalby,25/09/2024
Dalby,18/09/2024
Dalby,11/09/2024
Dalby,04/09/2024
Dalby,28/08/2024
Dalby,21/08/2024
Dalby,14/08/2024
Dalby,07/08/2024
Dalby,31/07/2024
Dalby,24/07/2024
Dalby,17/07/2024
Dalby,10/07/2024
Dalby,03/07/2024
Dalby,26/06/2024
Dalby,19/06/2024
Dalby,12/06/2024
Dalby,05/06/2024
Dalby,29/05/2024
Dalby,22/05/2024
Dalby,15/05/2024
Dalby,08/05/2024
Dalby,01/05/2024
Dalby,24/04/2024
Dalby,17/04/2024
Dalby,10/04/2024
Dalby,03/04/2024
Dalby,27/03/2024
Dalby,20/03/2024
Dalby,13/03/2024
Dubbo,26/09/2024
Dubbo,19/09/2024
Dubbo,12/09/2024
Dubbo,05/09/2024
Dubbo,29/08/2024
Dubbo,22/08/2024
Dubbo,15/08/2024
Dubbo,08/08/2024
Dubbo,01/08/2024
Dubbo,25/07/2024
Dubbo,18/07/2024
Dubbo,11/07/2024
Dubbo,04/07/2024
Dubbo,27/06/2024
Dubbo,20/06/2024
Dubbo,13/06/2024
Dubbo,06/06/2024
Dubbo,30/05/2024
Dubbo,23/05/2024
Dubbo,16/05/2024
Dubbo,09/05/2024
Dubbo,02/05/2024
Dubbo,18/04/2024
Dubbo,11/04/2024
Dubbo,04/04/2024
Dubbo,21/03/2024
Dubbo,14/03/2024
Dubbo,07/03/2024
Dubbo,29/02/2024
Dubbo,22/02/2024
Dubbo,15/02/2024
Dubbo,08/02/2024
Dubbo,01/02/2024
Dubbo,25/01/2024
Dubbo,18/01/2024
Dubbo,11/01/2024
Dubbo,14/12/2023
Dubbo,07/12/2023
Dubbo,30/11/2023
Dubbo,23/11/2023
Dubbo,16/11/2023
Dubbo,09/11/2023
Dubbo,02/11/2023
Dubbo,26/10/2023
Dubbo,19/10/2023
Dubbo,12/10/2023
Dubbo,05/10/2023
Dubbo,28/09/2023
Echuca,23/10/2024
Echuca,09/10/2024
Echuca,25/09/2024
Echuca,11/09/2024
Echuca,28/08/2024
Echuca,14/08/2024
Echuca,31/07/2024
Echuca,17/07/2024
Echuca,03/07/2024
Echuca,19/06/2024
Echuca,05/06/2024
Echuca,22/05/2024
Echuca,08/05/2024
Echuca,24/04/2024
Echuca,10/04/2024
Echuca,27/03/2024
Echuca,13/03/2024
Echuca,28/02/2024
Echuca,14/02/2024
Echuca,31/01/2024
Echuca,17/01/2024
Echuca,06/12/2023
Echuca,22/11/2023
Echuca,08/11/2023
Emerald,14/12/2023
Emerald,07/12/2023
Emerald,23/11/2023
Emerald,16/11/2023
Emerald,09/11/2023
Emerald,02/11/2023
Emerald,26/10/2023
Emerald,19/10/2023
Emerald,12/10/2023
Emerald,05/10/2023
Emerald,28/09/2023
Emerald,21/09/2023
Emerald,14/09/2023
Emerald,07/09/2023
Emerald,31/08/2023
Emerald,24/08/2023
Emerald,17/08/2023
Emerald,10/08/2023
Emerald,03/08/2023
Emerald,27/07/2023
Emerald,20/07/2023
Emerald,13/07/2023
Emerald,29/06/2023
Emerald,22/06/2023
Emerald,15/06/2023
Emerald,08/06/2023
Emerald,01/06/2023
Emerald,25/05/2023
Emerald,18/05/2023
Emerald,11/05/2023
Emerald,04/05/2023
Emerald,27/04/2023
Emerald,20/04/2023
Emerald,13/04/2023
Emerald,30/03/2023
Emerald,23/03/2023
Emerald,16/03/2023
Emerald,09/03/2023
Emerald,02/03/2023
Emerald,16/02/2023
Emerald,09/02/2023
Emerald,02/02/2023
Forbes,15/07/2024
Forbes,08/07/2024
Forbes,01/07/2024
Forbes,24/06/2024
Forbes,17/06/2024
Forbes,03/06/2024
Gunnedah,02/07/2024
Gunnedah,25/06/2024
Gunnedah,18/06/2024
Gunnedah,04/06/2024
Gunnedah,28/05/2024
Gunnedah,21/05/2024
Gunnedah,14/05/2024
Gunnedah,07/05/2024
Gunnedah,30/04/2024
Gunnedah,23/04/2024
Gunnedah,16/04/2024
Gunnedah,09/04/2024
Gunnedah,02/04/2024
Gunnedah,26/03/2024
Gunnedah,19/03/2024
Gunnedah,12/03/2024
Gunnedah,05/03/2024
Gunnedah,27/02/2024
Gunnedah,20/02/2024
Gunnedah,13/02/2024
Gunnedah,06/02/2024
Gunnedah,30/01/2024
Gunnedah,23/01/2024
Gunnedah,16/01/2024
Gunnedah,09/01/2024
Gunnedah,12/12/2023
Gunnedah,05/12/2023
Gunnedah,28/11/2023
Gunnedah,21/11/2023
Gunnedah,14/11/2023
Gunnedah,07/11/2023
Gunnedah,31/10/2023
Gunnedah,24/10/2023
Gunnedah,17/10/2023
HRLX Singleton,31/07/2024
HRLX Singleton,24/07/2024
HRLX Singleton,17/07/2024
HRLX Singleton,10/07/2024
HRLX Singleton,03/07/2024
HRLX Singleton,26/06/2024
HRLX Singleton,19/06/2024
HRLX Singleton,12/06/2024
HRLX Singleton,05/06/2024
HRLX Singleton,29/05/2024
HRLX Singleton,22/05/2024
HRLX Singleton,15/05/2024
HRLX Singleton,08/05/2024
HRLX Singleton,01/05/2024
HRLX Singleton,24/04/2024
HRLX Singleton,17/04/2024
HRLX Singleton,10/04/2024
HRLX Singleton,03/04/2024
HRLX Singleton,20/03/2024
HRLX Singleton,13/03/2024
HRLX Singleton,06/03/2024
HRLX Singleton,28/02/2024
HRLX Singleton,21/02/2024
HRLX Singleton,14/02/2024
HRLX Singleton,07/02/2024
HRLX Singleton,31/01/2024
HRLX Singleton,24/01/2024
HRLX Singleton,17/01/2024
HRLX Singleton,10/01/2024
HRLX Singleton,13/12/2023
HRLX Singleton,06/12/2023
HRLX Singleton,29/11/2023
HRLX Singleton,22/11/2023
HRLX Singleton,15/11/2023
HRLX Singleton,08/11/2023
HRLX Singleton,01/11/2023
HRLX Singleton,25/10/2023
HRLX Singleton,18/10/2023
HRLX Singleton,11/10/2023
HRLX Singleton,04/10/2023
IRLX Inverell,23/04/2024
IRLX Inverell,16/04/2024
IRLX Inverell,09/04/2024
IRLX Inverell,02/04/2024
IRLX Inverell,26/03/2024
IRLX Inverell,19/03/2024
IRLX Inverell,12/03/2024
IRLX Inverell,05/03/2024
IRLX Inverell,27/02/2024
IRLX Inverell,20/02/2024
IRLX Inverell,13/02/2024
IRLX Inverell,06/02/2024
IRLX Inverell,30/01/2024
IRLX Inverell,23/01/2024
IRLX Inverell,16/01/2024
IRLX Inverell,09/01/2024
IRLX Inverell,12/12/2023
IRLX Inverell,05/12/2023
IRLX Inverell,28/11/2023
IRLX Inverell,21/11/2023
IRLX Inverell,14/11/2023
IRLX Inverell,07/11/2023
IRLX Inverell,31/10/2023
IRLX Inverell,24/10/2023
IRLX Inverell,17/10/2023
Leongatha,26/11/2024
Leongatha,19/11/2024
Leongatha,12/11/2024
Leongatha,29/10/2024
Leongatha,22/10/2024
Leongatha,15/10/2024
Leongatha,08/10/2024
Leongatha,01/10/2024
Leongatha,24/09/2024
Leongatha,17/09/2024
Leongatha,10/09/2024
Leongatha,03/09/2024
Leongatha,27/08/2024
Leongatha,20/08/2024
Leongatha,13/08/2024
Leongatha,06/08/2024
Leongatha,30/07/2024
Leongatha,23/07/2024
Leongatha,16/07/2024
Leongatha,09/07/2024
Leongatha,02/07/2024
Leongatha,26/06/2024
Leongatha,19/06/2024
Leongatha,12/06/2024
Leongatha,05/06/2024
Leongatha,29/05/2024
Leongatha,22/05/2024
Leongatha,15/05/2024
Leongatha,08/05/2024
Leongatha,01/05/2024
Leongatha,24/04/2024
Leongatha,17/04/2024
Leongatha,10/04/2024
Leongatha,03/04/2024
Leongatha,20/03/2024
Leongatha,13/03/2024
Leongatha,06/03/2024
Leongatha,28/02/2024
Leongatha,21/02/2024
Leongatha,14/02/2024
Leongatha,07/02/2024
Leongatha,31/01/2024
Leongatha,17/01/2024
Leongatha,10/01/2024
Leongatha,03/01/2024
Leongatha,13/12/2023
Leongatha,06/12/2023
Leongatha,29/11/2023
Leongatha,22/11/2023
Leongatha,15/11/2023
Leongatha,08/11/2023
Leongatha,01/11/2023
Leongatha,25/10/2023
Leongatha,18/10/2023
Lismore,13/12/2023
Lismore,06/12/2023
Lismore,29/11/2023
Lismore,22/11/2023
Lismore,15/11/2023
Lismore,08/11/2023
Lismore,01/11/2023
Lismore,25/10/2023
Lismore,18/10/2023
Lismore,11/10/2023
Lismore,04/10/2023
Lismore,27/09/2023
Lismore,20/09/2023
Lismore,13/09/2023
Lismore,06/09/2023
Lismore,30/08/2023
Lismore,23/08/2023
Lismore,16/08/2023
Lismore,09/08/2023
Lismore,02/08/2023
Lismore,26/07/2023
Lismore,19/07/2023
Lismore,18/07/2023
Mortlake,02/12/2024
Mortlake,25/11/2024
Mortlake,18/11/2024
Mortlake,11/11/2024
Mortlake,04/11/2024
Mortlake,28/10/2024
Mortlake,21/10/2024
Mortlake,14/10/2024
Mortlake,07/10/2024
Mortlake,30/09/2024
Mortlake,23/09/2024
Mortlake,16/09/2024
Mortlake,09/09/2024
Mortlake,02/09/2024
Mortlake,26/08/2024
Mortlake,19/08/2024
Mortlake,12/08/2024
Mortlake,05/08/2024
Mortlake,29/07/2024
Mortlake,22/07/2024
Mortlake,15/07/2024
Mortlake,08/07/2024
Mortlake,01/07/2024
Mortlake,24/06/2024
Mortlake,17/06/2024
Mortlake,03/06/2024
Mortlake,27/05/2024
Mortlake,20/05/2024
Mortlake,13/05/2024
Mortlake,06/05/2024
Mortlake,29/04/2024
Mortlake,22/04/2024
Mortlake,15/04/2024
Mortlake,08/04/2024
Mortlake,25/03/2024
Mortlake,18/03/2024
Mortlake,04/03/2024
Mortlake,26/02/2024
Mortlake,19/02/2024
Mortlake,12/02/2024
Mortlake,05/02/2024
Mortlake,29/01/2024
Mortlake,22/01/2024
Mortlake,15/01/2024
Mortlake,08/01/2024
Mortlake,18/12/2023
Mortlake,11/12/2023
Mortlake,04/12/2023
Mortlake,27/11/2023
Mortlake,20/11/2023
Mortlake,13/11/2023
Mortlake,06/11/2023
Mortlake,30/10/2023
Mortlake,23/10/2023
Mortlake,16/10/2023
Mortlake,09/10/2023
Mortlake,02/10/2023
Mortlake,25/09/2023
Moss Vale,18/12/2024
Moss Vale,11/12/2024
Moss Vale,04/12/2024
Moss Vale,27/11/2024
Moss Vale,20/11/2024
Moss Vale,13/11/2024
Moss Vale,06/11/2024
Moss Vale,30/10/2024
Moss Vale,23/10/2024
Moss Vale,16/10/2024
Moss Vale,09/10/2024
Moss Vale,02/10/2024
Moss Vale,25/09/2024
Moss Vale,18/09/2024
Moss Vale,11/09/2024
Moss Vale,04/09/2024
Moss Vale,28/08/2024
Moss Vale,21/08/2024
Moss Vale,14/08/2024
Moss Vale,07/08/2024
Moss Vale,31/07/2024
Moss Vale,24/07/2024
Moss Vale,17/07/2024
Moss Vale,10/07/2024
Moss Vale,03/07/2024
Moss Vale,26/06/2024
Moss Vale,19/06/2024
Moss Vale,12/06/2024
Moss Vale,05/06/2024
Moss Vale,29/05/2024
Moss Vale,22/05/2024
Moss Vale,15/05/2024
Moss Vale,08/05/2024
Moss Vale,01/05/2024
Moss Vale,24/04/2024
Moss Vale,17/04/2024
Moss Vale,10/04/2024
Moss Vale,03/04/2024
Moss Vale,27/03/2024
Mount Barker,31/01/2025
Mount Barker,30/01/2025
Mount Barker,24/01/2025
Mount Barker,23/01/2025
Mount Barker,17/01/2025
Mount Barker,16/01/2025
Mount Barker,10/01/2025
Mount Barker,09/01/2025
Mount Barker,07/01/2025
Mount Barker,19/12/2024
Mount Barker,13/12/2024
Mount Barker,12/12/2024
Mount Barker,06/12/2024
Mount Barker,05/12/2024
Mount Barker,29/11/2024
Mount Barker,28/11/2024
Mount Barker,21/11/2024
Mount Barker,18/11/2024
Mount Barker,14/11/2024
Mount Barker,07/11/2024
Mount Barker,31/10/2024
Mount Barker,24/10/2024
Mount Barker,17/10/2024
Mount Barker,10/10/2024
Mount Barker,03/10/2024
Mount Barker,26/09/2024
Mount Barker,19/09/2024
Mount Barker,12/09/2024
Mount Barker,05/09/2024
Mount Barker,29/08/2024
Mount Barker,22/08/2024
Mount Barker,15/08/2024
Mount Barker,08/08/2024
Mount Barker,25/07/2024
Mount Barker,18/07/2024
Mount Barker,11/07/2024
Mount Barker,04/07/2024
Mount Barker,27/06/2024
Mount Barker,20/06/2024
Mount Barker,13/06/2024
Mount Barker,06/06/2024
Mount Barker,30/05/2024
Mt Compass,22/01/2025
Mt Compass,15/01/2025
Mt Compass,11/12/2024
Mt Compass,04/12/2024
Mt Compass,27/11/2024
Mt Compass,20/11/2024
Mt Compass,13/11/2024
Mt Compass,06/11/2024
Mt Compass,30/10/2024
Mt Compass,23/10/2024
Mt Compass,16/10/2024
Mt Compass,09/10/2024
Mt Compass,02/10/2024
Mt Compass,25/09/2024
Mt Compass,18/09/2024
Mt Compass,11/09/2024
Mt Compass,04/09/2024
Mt Compass,28/08/2024
Mt Compass,21/08/2024
Mt Compass,14/08/2024
Mt Compass,07/08/2024
Mt Compass,31/07/2024
Mt Compass,24/07/2024
Mt Compass,17/07/2024
Mt Compass,10/07/2024
Mt Compass,03/07/2024
Mt Compass,26/06/2024
Mt Compass,19/06/2024
Mt Compass,12/06/2024
Mt Compass,05/06/2024
Mt Compass,29/05/2024
Mt Compass,22/05/2024
Mt Compass,15/05/2024
Mt Compass,08/05/2024
Mt Compass,01/05/2024
Mt Compass,24/04/2024
Mt Compass,17/04/2024
Mt Compass,10/04/2024
Mt Compass,20/03/2024
Mt Compass,13/03/2024
Muchea,24/09/2024
Muchea,16/09/2024
Muchea,09/09/2024
Muchea,02/09/2024
Muchea,26/08/2024
Muchea,19/08/2024
Muchea,12/08/2024
Muchea,05/08/2024
Muchea,29/07/2024
Muchea,22/07/2024
Muchea,15/07/2024
Muchea,08/07/2024
Muchea,01/07/2024
Muchea,24/06/2024
Muchea,17/06/2024
Muchea,10/06/2024
Muchea,04/06/2024
Muchea,27/05/2024
Muchea,20/05/2024
Muchea,13/05/2024
Muchea,06/05/2024
Muchea,29/04/2024
Muchea,22/04/2024
Muchea,15/04/2024
Muchea,08/04/2024
Muchea,25/03/2024
Muchea,18/03/2024
Muchea,11/03/2024
Muchea,05/03/2024
Muchea,26/02/2024
Muchea,19/02/2024
Muchea,12/02/2024
Muchea,05/02/2024
Muchea,29/01/2024
Muchea,22/01/2024
Muchea,15/01/2024
Muchea,08/01/2024
Muchea,18/12/2023
Muchea,11/12/2023
Muchea,04/12/2023
Muchea,27/11/2023
Muchea,20/11/2023
Muchea,13/11/2023
Muchea,06/11/2023
Muchea,30/10/2023
Muchea,23/10/2023
Naracoorte,23/07/2024
Naracoorte,16/07/2024
Naracoorte,09/07/2024
Naracoorte,02/07/2024
Naracoorte,25/06/2024
Naracoorte,18/06/2024
Naracoorte,11/06/2024
Naracoorte,04/06/2024
Naracoorte,28/05/2024
NVLX Wodonga,10/12/2024
NVLX Wodonga,03/12/2024
NVLX Wodonga,26/11/2024
NVLX Wodonga,19/11/2024
NVLX Wodonga,12/11/2024
NVLX Wodonga,05/11/2024
NVLX Wodonga,29/10/2024
NVLX Wodonga,22/10/2024
NVLX Wodonga,15/10/2024
NVLX Wodonga,08/10/2024
NVLX Wodonga,01/10/2024
NVLX Wodonga,24/09/2024
NVLX Wodonga,17/09/2024
NVLX Wodonga,10/09/2024
NVLX Wodonga,03/09/2024
NVLX Wodonga,27/08/2024
NVLX Wodonga,20/08/2024
NVLX Wodonga,13/08/2024
NVLX Wodonga,06/08/2024
NVLX Wodonga,30/07/2024
NVLX Wodonga,23/07/2024
NVLX Wodonga,16/07/2024
NVLX Wodonga,09/07/2024
NVLX Wodonga,02/07/2024
NVLX Wodonga,25/06/2024
NVLX Wodonga,18/06/2024
NVLX Wodonga,11/06/2024
NVLX Wodonga,04/06/2024
NVLX Wodonga,28/05/2024
NVLX Wodonga,21/05/2024
NVLX Wodonga,14/05/2024
NVLX Wodonga,07/05/2024
NVLX Wodonga,30/04/2024
NVLX Wodonga,23/04/2024
NVLX Wodonga,16/04/2024
NVLX Wodonga,09/04/2024
NVLX Wodonga,02/04/2024
NVLX Wodonga,26/03/2024
NVLX Wodonga,19/03/2024
NVLX Wodonga,12/03/2024
NVLX Wodonga,05/03/2024
NVLX Wodonga,27/02/2024
NVLX Wodonga,20/02/2024
NVLX Wodonga,13/02/2024
Oakey,03/07/2023
Oakey,15/06/2023
Powranna,19/12/2023
Powranna,12/12/2023
Powranna,05/12/2023
Powranna,28/11/2023
Powranna,21/11/2023
Powranna,14/11/2023
Powranna,07/11/2023
Powranna,31/10/2023
Roma Store,04/02/2025
Roma Store,28/01/2025
Roma Store,21/01/2025
Roma Store,14/01/2025
Roma Store,17/12/2024
Roma Store,10/12/2024
Roma Store,03/12/2024
Roma Store,26/11/2024
Roma Store,19/11/2024
Roma Store,12/11/2024
Roma Store,05/11/2024
Roma Store,29/10/2024
Roma Store,22/10/2024
Roma Store,15/10/2024
Roma Store,08/10/2024
Roma Store,01/10/2024
Roma Store,24/09/2024
Roma Store,17/09/2024
Roma Store,10/09/2024
Roma Store,03/09/2024
Roma Store,27/08/2024
Roma Store,20/08/2024
Roma Store,13/08/2024
Roma Store,06/08/2024
Roma Store,30/07/2024
Roma Store,23/07/2024
Roma Store,16/07/2024
Roma Store,09/07/2024
Roma Store,02/07/2024
Roma Store,25/06/2024
Roma Store,18/06/2024
Roma Store,11/06/2024
Roma Store,04/06/2024
Roma Store,28/05/2024
Roma Store,21/05/2024
Roma Store,14/05/2024
Roma Store,07/05/2024
Roma Store,30/04/2024
Roma Store,23/04/2024
Roma Store,16/04/2024
Roma Store,09/04/2024
Roma Store,02/04/2024
Roma Store,26/03/2024
Roma Store,19/03/2024
Roma Store,12/03/2024
Roma Store,05/03/2024
Roma Store,27/02/2024
Roma Store,20/02/2024
Roma Store,13/02/2024
Roma Store,06/02/2024
Roma Store,30/01/2024
Roma Store,23/01/2024
Roma Store,16/01/2024
Roma Store,09/01/2024
Roma Store,12/12/2023
Roma Store,05/12/2023
Roma Store,28/11/2023
Roma Store,21/11/2023
Roma Store,14/11/2023
Roma Store,07/11/2023
Roma Store,31/10/2023
Roma Store,24/10/2023
Roma Store,17/10/2023
SA Livestock Exchange,12/12/2023
SA Livestock Exchange,05/12/2023
SA Livestock Exchange,28/11/2023
SA Livestock Exchange,21/11/2023
SA Livestock Exchange,14/11/2023
SA Livestock Exchange,07/11/2023
SA Livestock Exchange,31/10/2023
SA Livestock Exchange,24/10/2023
SA Livestock Exchange,17/10/2023
SA Livestock Exchange,10/10/2023
SA Livestock Exchange,03/10/2023
SA Livestock Exchange,26/09/2023
SA Livestock Exchange,19/09/2023
SA Livestock Exchange,12/09/2023
SA Livestock Exchange,05/09/2023
SA Livestock Exchange,22/08/2023
SA Livestock Exchange,15/08/2023
SA Livestock Exchange,08/08/2023
SA Livestock Exchange,01/08/2023
Scone,21/01/2025
Scone,14/01/2025
Scone,07/01/2025
Scone,10/12/2024
Scone,03/12/2024
Scone,26/11/2024
Scone,19/11/2024
Scone,12/11/2024
Scone,05/11/2024
Scone,29/10/2024
Scone,22/10/2024
Scone,15/10/2024
Scone,08/10/2024
Scone,01/10/2024
Scone,24/09/2024
Scone,17/09/2024
Scone,10/09/2024
Scone,03/09/2024
Scone,27/08/2024
Scone,20/08/2024
Scone,13/08/2024
Scone,06/08/2024
Scone,30/07/2024
Scone,23/07/2024
Scone,16/07/2024
Scone,09/07/2024
Scone,02/07/2024
Scone,25/06/2024
Scone,18/06/2024
Scone,11/06/2024
Scone,04/06/2024
Scone,28/05/2024
Scone,21/05/2024
Scone,14/05/2024
Scone,07/05/2024
Scone,30/04/2024
Scone,23/04/2024
Scone,16/04/2024
Scone,09/04/2024
Scone,02/04/2024
Scone,26/03/2024
Scone,19/03/2024
Scone,12/03/2024
Scone,05/03/2024
SELX Yass,14/11/2024
SELX Yass,07/11/2024
SELX Yass,31/10/2024
SELX Yass,24/10/2024
SELX Yass,17/10/2024
SELX Yass,10/10/2024
SELX Yass,03/10/2024
SELX Yass,26/09/2024
SELX Yass,19/09/2024
SELX Yass,12/09/2024
SELX Yass,05/09/2024
SELX Yass,29/08/2024
SELX Yass,22/08/2024
SELX Yass,15/08/2024
SELX Yass,08/08/2024
SELX Yass,01/08/2024
SELX Yass,25/07/2024
SELX Yass,18/07/2024
SELX Yass,11/07/2024
SELX Yass,04/07/2024
SELX Yass,27/06/2024
SELX Yass,20/06/2024
SELX Yass,13/06/2024
SELX Yass,06/06/2024
SELX Yass,30/05/2024
SELX Yass,23/05/2024
SELX Yass,16/05/2024
SELX Yass,09/05/2024
SELX Yass,02/05/2024
SELX Yass,18/04/2024
Shepparton,24/09/2024
Shepparton,17/09/2024
Shepparton,10/09/2024
Shepparton,03/09/2024
Shepparton,27/08/2024
Shepparton,20/08/2024
Shepparton,13/08/2024
Shepparton,06/08/2024
Shepparton,30/07/2024
Shepparton,23/07/2024
Shepparton,16/07/2024
Shepparton,09/07/2024
Shepparton,02/07/2024
Shepparton,25/06/2024
Shepparton,18/06/2024
Shepparton,11/06/2024
Shepparton,04/06/2024
Shepparton,28/05/2024
Shepparton,21/05/2024
Shepparton,14/05/2024
Shepparton,07/05/2024
Toowoomba,29/01/2024
Toowoomba,22/01/2024
Toowoomba,15/01/2024
Toowoomba,11/12/2023
Toowoomba,04/12/2023
Toowoomba,27/11/2023
Toowoomba,20/11/2023
Toowoomba,13/11/2023
Toowoomba,06/11/2023
Toowoomba,30/10/2023
Toowoomba,23/10/2023
Toowoomba,16/10/2023
Toowoomba,09/10/2023
Toowoomba,25/09/2023
Toowoomba,18/09/2023
Toowoomba,11/09/2023
Toowoomba,04/09/2023
Toowoomba,28/08/2023
Toowoomba,21/08/2023
Toowoomba,14/08/2023
Toowoomba,07/08/2023
Toowoomba,31/07/2023
Toowoomba,24/07/2023
Toowoomba,17/07/2023
Toowoomba,10/07/2023
Toowoomba,03/07/2023
Toowoomba,26/06/2023
Toowoomba,19/06/2023
Toowoomba,17/06/2023
Toowoomba,12/06/2023
Toowoomba,05/06/2023
Toowoomba,29/05/2023
Toowoomba,22/05/2023
Toowoomba,15/05/2023
Toowoomba,08/05/2023
Toowoomba,24/04/2023
Toowoomba,17/04/2023
Toowoomba,03/04/2023
Toowoomba,27/03/2023
Toowoomba,20/03/2023
Toowoomba,13/03/2023
Toowoomba,06/03/2023
Toowoomba,27/02/2023
Toowoomba,20/02/2023
Toowoomba,13/02/2023
Toowoomba,06/02/2023
Toowoomba,30/01/2023
Toowoomba,23/01/2023
Toowoomba,16/01/2023
TRLX Tamworth,08/04/2024
TRLX Tamworth,25/03/2024
TRLX Tamworth,18/03/2024
TRLX Tamworth,11/03/2024
TRLX Tamworth,04/03/2024
TRLX Tamworth,26/02/2024
TRLX Tamworth,19/02/2024
TRLX Tamworth,12/02/2024
TRLX Tamworth,05/02/2024
TRLX Tamworth,29/01/2024
TRLX Tamworth,22/01/2024
TRLX Tamworth,15/01/2024
TRLX Tamworth,08/01/2024
TRLX Tamworth,11/12/2023
TRLX Tamworth,04/12/2023
TRLX Tamworth,27/11/2023
TRLX Tamworth,20/11/2023
TRLX Tamworth,13/11/2023
TRLX Tamworth,06/11/2023
TRLX Tamworth,30/10/2023
TRLX Tamworth,23/10/2023
TRLX Tamworth,16/10/2023
TRLX Tamworth,09/10/2023
TRLX Tamworth,25/09/2023
TRLX Tamworth,18/09/2023
TRLX Tamworth,11/09/2023
Wagga,25/11/2024
Wagga,18/11/2024
Wagga,11/11/2024
Wagga,04/11/2024
Wagga,28/10/2024
Wagga,21/10/2024
Wagga,14/10/2024
Wagga,30/09/2024
Wagga,23/09/2024
Wagga,16/09/2024
Wagga,09/09/2024
Wagga,02/09/2024
Warwick,29/10/2024
Warwick,22/10/2024
Warwick,15/10/2024
Warwick,08/10/2024
Warwick,01/10/2024
Warwick,24/09/2024
Warwick,17/09/2024
Warwick,10/09/2024
Warwick,03/09/2024
Warwick,27/08/2024
Warwick,20/08/2024
Warwick,13/08/2024
Warwick,06/08/2024
Warwick,30/07/2024
Warwick,23/07/2024
Warwick,16/07/2024
Warwick,09/07/2024
Warwick,02/07/2024
Warwick,25/06/2024
Warwick,18/06/2024
Warwick,11/06/2024
Warwick,04/06/2024
Warwick,28/05/2024
Warwick,21/05/2024
Warwick,14/05/2024
Warwick,07/05/2024
Warwick,30/04/2024
Warwick,23/04/2024
Warwick,16/04/2024
Warwick,09/04/2024
Warwick,02/04/2024
Warwick,26/03/2024
Warwick,19/03/2024
Warwick,12/03/2024
Warwick,05/03/2024
Warwick,27/02/2024
Warwick,20/02/2024
Warwick,13/02/2024
Warwick,06/02/2024
Warwick,30/01/2024
Warwick,23/01/2024
Warwick,16/01/2024
Warwick,09/01/2024
Warwick,19/12/2023
Warwick,12/12/2023
Warwick,05/12/2023
Warwick,28/11/2023
Warwick,21/11/2023
Warwick,14/11/2023
Warwick,07/11/2023
Warwick,31/10/2023
Warwick,24/10/2023
Warwick,17/10/2023
Warwick,10/10/2023
Warwick,03/10/2023
Wycheproof,12/10/2023
Yea,02/05/2023
Armidale,08/12/2022
Armidale,24/11/2022
Armidale,10/11/2022
Armidale,27/10/2022
Armidale,24/10/2022
Armidale,13/10/2022
Armidale,29/09/2022
Armidale,15/09/2022
Armidale,01/09/2022
Armidale,04/08/2022
Armidale,21/07/2022
Armidale,07/07/2022
Armidale,23/06/2022
Armidale,09/06/2022
Armidale,26/05/2022
Armidale,12/05/2022
Bairnsdale,23/03/2023
Bairnsdale,16/03/2023
Bairnsdale,09/03/2023
Blackall,01/12/2022
Blackall,24/11/2022
Blackall,10/11/2022
Blackall,03/11/2022
Blackall,27/10/2022
Blackall,20/10/2022
Boyanup,04/10/2019
Boyanup,15/11/2017
Boyanup,06/10/2017
Boyanup,16/06/2017
Boyanup,30/05/2017
Boyanup,23/05/2017
Boyanup,16/05/2017
Boyanup,09/05/2017
Boyanup,02/05/2017
Boyanup,11/04/2017
Boyanup,04/04/2017
Boyanup,28/03/2017
Boyanup,21/03/2017
Boyanup,14/03/2017
Boyanup,28/02/2017
Boyanup,21/02/2017
Boyanup,14/02/2017
Boyanup,07/02/2017
Boyanup,31/01/2017
Boyanup,24/01/2017
Boyanup,17/01/2017
Boyanup,10/01/2017
Boyanup,20/12/2016
Boyanup,13/12/2016
Boyanup,06/12/2016
Boyanup,29/11/2016
Boyanup,22/11/2016
Boyanup,15/11/2016
Boyanup,08/11/2016
Boyanup,01/11/2016
Boyanup,25/10/2016
Boyanup,18/10/2016
Boyanup,11/10/2016
Boyanup,07/10/2016
Boyanup,04/10/2016
Boyanup,20/09/2016
Boyanup,13/09/2016
Boyanup,06/09/2016
Boyanup,30/08/2016
Boyanup,23/08/2016
Boyanup,16/08/2016
Boyanup,09/08/2016
Boyanup,02/08/2016
Boyanup,26/07/2016
Boyanup,19/07/2016
Boyanup,12/07/2016
Boyanup,05/07/2016
Charters Towers,26/04/2023
Charters Towers,19/04/2023
Charters Towers,12/04/2023
Colac,17/12/2020
Colac,10/12/2020
Colac,03/12/2020
Colac,26/11/2020
Colac,19/11/2020
Colac,12/11/2020
Colac,05/11/2020
Colac,29/10/2020
Colac,15/10/2020
Coonamble,27/08/2020
Coonamble,23/07/2020
Coonamble,11/06/2020
Coonamble,13/02/2015
Coonamble,16/01/2015
Coonamble,05/12/2014
Coonamble,07/11/2014
Coonamble,10/10/2014
Coonamble,20/06/2014
Coonamble,09/05/2014
Coonamble,17/01/2014
Coonamble,06/12/2013
Coonamble,22/11/2013
Coonamble,08/11/2013
Coonamble,25/10/2013
Coonamble,11/10/2013
Coonamble,27/09/2013
Coonamble,13/09/2013
Coonamble,30/08/2013
Coonamble,16/08/2013
Coonamble,02/08/2013
Coonamble,05/07/2013
CQLX Gracemere,16/04/2025
CQLX Gracemere,23/08/2023
CQLX Gracemere,16/08/2023
CQLX Gracemere,09/08/2023
CTLX Carcoar,21/11/2023
CTLX Carcoar,14/11/2023
CTLX Carcoar,07/11/2023
CTLX Carcoar,31/10/2023
CVLX Ballarat,12/12/2022
CVLX Ballarat,28/11/2022
CVLX Ballarat,14/11/2022
CVLX Ballarat,31/10/2022
CVLX Ballarat,17/10/2022
CVLX Ballarat,03/10/2022
CVLX Ballarat,19/09/2022
CVLX Ballarat,05/09/2022
CVLX Ballarat,22/08/2022
CVLX Ballarat,08/08/2022
CVLX Ballarat,25/07/2022
CVLX Ballarat,11/07/2022
CVLX Ballarat,27/06/2022
CVLX Ballarat,30/05/2022
CVLX Ballarat,16/05/2022
Dalby,06/03/2024
Dalby,28/02/2024
Dalby,21/02/2024
Dalby,14/02/2024
Dalby,07/02/2024
Dalby,31/01/2024
Dalby,24/01/2024
Dalby,17/01/2024
Dalby,10/01/2024
Dalby,13/12/2023
Dalby,06/12/2023
Dalby,29/11/2023
Dalby,22/11/2023
Dalby,15/11/2023
Dalby,08/11/2023
Dalby,01/11/2023
Dalby,25/10/2023
Dalby,18/10/2023
Dubbo,21/09/2023
Dubbo,14/09/2023
Dubbo,07/09/2023
Echuca,25/10/2023
Echuca,11/10/2023
Echuca,27/09/2023
Echuca,13/09/2023
Echuca,30/08/2023
Echuca,16/08/2023
Echuca,02/08/2023
Echuca,19/07/2023
Echuca,18/07/2023
Emerald,08/12/2022
Emerald,24/11/2022
Emerald,17/11/2022
Emerald,10/11/2022
Emerald,03/11/2022
Finley,19/06/2019
Finley,05/06/2019
Finley,22/05/2019
Finley,08/05/2019
Finley,24/04/2019
Finley,10/04/2019
Finley,27/03/2019
Finley,13/03/2019
Finley,27/02/2019
Finley,13/02/2019
Finley,16/01/2019
Finley,05/12/2018
Finley,21/11/2018
Finley,07/11/2018
Finley,24/10/2018
Finley,10/10/2018
Finley,26/09/2018
Finley,12/09/2018
Finley,29/08/2018
Finley,15/08/2018
Finley,01/08/2018
Finley,18/07/2018
Finley,04/07/2018
Forbes,27/05/2024
Forbes,20/05/2024
Forbes,13/05/2024
Forbes,06/05/2024
Forbes,29/04/2024
Forbes,22/04/2024
Forbes,15/04/2024
Forbes,08/04/2024
Forbes,25/03/2024
Forbes,18/03/2024
Forbes,11/03/2024
Forbes,04/03/2024
Forbes,26/02/2024
Forbes,19/02/2024
Forbes,12/02/2024
Forbes,05/02/2024
Goulburn,10/03/2015
Goulburn,03/03/2015
Goulburn,24/02/2015
Goulburn,17/02/2015
Goulburn,10/02/2015
Goulburn,03/02/2015
Goulburn,27/01/2015
Goulburn,20/01/2015
Goulburn,06/01/2015
Goulburn,16/12/2014
Goulburn,09/12/2014
Goulburn,02/12/2014
Goulburn,25/11/2014
Goulburn,18/11/2014
Goulburn,11/11/2014
Goulburn,04/11/2014
Goulburn,28/10/2014
Goulburn,21/10/2014
Goulburn,14/10/2014
Goulburn,07/10/2014
Goulburn,30/09/2014
Goulburn,23/09/2014
Goulburn,09/09/2014
Goulburn,02/09/2014
Goulburn,26/08/2014
Goulburn,19/08/2014
Goulburn,12/08/2014
Goulburn,05/08/2014
Goulburn,22/07/2014
Goulburn,15/07/2014
Goulburn,01/07/2014
Goulburn,24/06/2014
GRLE Sale,15/12/2020
GRLE Sale,08/12/2020
GRLE Sale,01/12/2020
GRLE Sale,24/11/2020
GRLE Sale,17/11/2020
GRLE Sale,10/11/2020
GRLE Sale,27/10/2020
GRLE Sale,20/10/2020
GRLE Sale,13/10/2020
GRLE Sale,06/10/2020
GRLE Sale,29/09/2020
GRLE Sale,22/09/2020
GRLE Sale,15/09/2020
GRLE Sale,08/09/2020
GRLE Sale,01/09/2020
GRLE Sale,25/08/2020
GRLE Sale,18/08/2020
GRLE Sale,11/08/2020
GRLE Sale,28/07/2020
GRLE Sale,21/07/2020
GRLE Sale,14/07/2020
GRLE Sale,07/07/2020
GRLE Sale,30/06/2020
GRLE Sale,23/06/2020
GRLE Sale,16/06/2020
GRLE Sale,09/06/2020
GRLE Sale,02/06/2020
GRLE Sale,26/05/2020
GRLE Sale,19/05/2020
GRLE Sale,12/05/2020
GRLE Sale,05/05/2020
GRLE Sale,28/04/2020
GRLE Sale,21/04/2020
GRLE Sale,14/04/2020
GRLE Sale,07/04/2020
GRLE Sale,31/03/2020
GRLE Sale,24/03/2020
GRLE Sale,17/03/2020
GRLE Sale,10/03/2020
GRLE Sale,03/03/2020
GRLE Sale,25/02/2020
GRLE Sale,18/02/2020
GRLE Sale,11/02/2020
GRLE Sale,04/02/2020
GRLE Sale,28/01/2020
GRLE Sale,21/01/2020
GRLE Sale,14/01/2020
GRLE Sale,07/01/2020
GRLE Sale,17/12/2019
GRLE Sale,10/12/2019
GRLE Sale,03/12/2019
GRLE Sale,26/11/2019
GRLE Sale,19/11/2019
GRLE Sale,12/11/2019
GRLE Sale,29/10/2019
GRLE Sale,22/10/2019
GRLE Sale,15/10/2019
GRLE Sale,08/10/2019
GRLE Sale,24/09/2019
GRLE Sale,17/09/2019
GRLE Sale,10/09/2019
GRLE Sale,03/09/2019
GRLE Sale,27/08/2019
GRLE Sale,20/08/2019
GRLE Sale,13/08/2019
GRLE Sale,06/08/2019
GRLE Sale,30/07/2019
GRLE Sale,23/07/2019
GRLE Sale,16/07/2019
GRLE Sale,09/07/2019
GRLE Sale,02/07/2019
GRLE Sale,25/06/2019
GRLE Sale,18/06/2019
Gunnedah,10/10/2023
Gunnedah,03/10/2023
HRLX Singleton,27/09/2023
HRLX Singleton,20/09/2023
HRLX Singleton,13/09/2023
IRLX Inverell,10/10/2023
IRLX Inverell,03/10/2023
IRLX Inverell,26/09/2023
Killafaddy,20/05/2014
Killafaddy,13/05/2014
Killafaddy,06/05/2014
Killafaddy,29/04/2014
Killafaddy,22/04/2014
Killafaddy,15/04/2014
Killafaddy,08/04/2014
Killafaddy,01/04/2014
Killafaddy,25/03/2014
Killafaddy,18/03/2014
Killafaddy,11/03/2014
Killafaddy,04/03/2014
Killafaddy,25/02/2014
Killafaddy,18/02/2014
Killafaddy,11/02/2014
Killafaddy,04/02/2014
Killafaddy,28/01/2014
Killafaddy,21/01/2014
Killafaddy,14/01/2014
Killafaddy,07/01/2014
Killafaddy,17/12/2013
Killafaddy,10/12/2013
Killafaddy,03/12/2013
Killafaddy,26/11/2013
Killafaddy,19/11/2013
Killafaddy,12/11/2013
Killafaddy,05/11/2013
Killafaddy,29/10/2013
Killafaddy,22/10/2013
Killafaddy,15/10/2013
Killafaddy,08/10/2013
Killafaddy,01/10/2013
Killafaddy,24/09/2013
Killafaddy,17/09/2013
Killafaddy,10/09/2013
Killafaddy,03/09/2013
Killafaddy,27/08/2013
Killafaddy,20/08/2013
Killafaddy,13/08/2013
Killafaddy,06/08/2013
Killafaddy,30/07/2013
Killafaddy,23/07/2013
Killafaddy,16/07/2013
Killafaddy,09/07/2013
Killafaddy,02/07/2013
Killafaddy,25/06/2013
Killafaddy,18/06/2013
Killafaddy,11/06/2013
Killafaddy,04/06/2013
Killafaddy,28/05/2013
Killafaddy,21/05/2013
Killafaddy,14/05/2013
Killafaddy,07/05/2013
Killafaddy,30/04/2013
Killafaddy,23/04/2013
Killafaddy,16/04/2013
Killafaddy,09/04/2013
Killafaddy,02/04/2013
Killafaddy,26/03/2013
Killafaddy,19/03/2013
Killafaddy,12/03/2013
Killafaddy,05/03/2013
Killafaddy,26/02/2013
Killafaddy,19/02/2013
Killafaddy,12/02/2013
Killafaddy,05/02/2013
Killafaddy,29/01/2013
Killafaddy,22/01/2013
Killafaddy,15/01/2013
Killafaddy,08/01/2013
Killafaddy,02/01/2013
Killafaddy,18/12/2012
Killafaddy,11/12/2012
Leongatha,11/10/2023
Mareeba,20/08/2013
Mareeba,13/08/2013
Mareeba,06/08/2013
Mareeba,30/07/2013
Mareeba,23/07/2013
Mareeba,16/07/2013
Mareeba,09/07/2013
Mareeba,02/07/2013
Mareeba,25/06/2013
Mareeba,18/06/2013
Mareeba,11/06/2013
Mareeba,28/05/2013
Mareeba,21/05/2013
Mareeba,14/05/2013
Mareeba,07/05/2013
Mareeba,30/04/2013
Mareeba,23/04/2013
Mareeba,16/04/2013
Mareeba,09/04/2013
Mareeba,02/04/2013
Mareeba,26/03/2013
Mareeba,19/03/2013
Mareeba,12/03/2013
Mareeba,05/03/2013
Mareeba,26/02/2013
Mareeba,19/02/2013
Mareeba,12/02/2013
Mareeba,05/02/2013
Mareeba,11/12/2012
Mareeba,04/12/2012
Mareeba,27/11/2012
Mareeba,20/11/2012
Mareeba,13/11/2012
Mareeba,06/11/2012
Mareeba,30/10/2012
Mareeba,23/10/2012
Mareeba,16/10/2012
Mareeba,09/10/2012
Mareeba,02/10/2012
Mareeba,25/09/2012
Mareeba,18/09/2012
Midland,27/04/2010
Midland,19/04/2010
Midland,12/04/2010
Midland,06/04/2010
Midland,29/03/2010
Midland,22/03/2010
Midland,15/03/2010
Midland,08/03/2010
Midland,02/03/2010
Midland,22/02/2010
Midland,15/02/2010
Midland,08/02/2010
Midland,01/02/2010
Midland,25/01/2010
Midland,18/01/2010
Midland,11/01/2010
Midland,04/01/2010
Millicent,05/02/2015
Millicent,22/01/2015
Millicent,08/01/2015
Millicent,18/12/2014
Millicent,04/12/2014
Millicent,20/11/2014
Millicent,06/11/2014
Millicent,23/10/2014
Millicent,09/10/2014
Millicent,25/09/2014
Millicent,11/09/2014
Millicent,28/08/2014
Millicent,31/07/2014
Millicent,03/07/2014
Millicent,05/06/2014
Millicent,22/05/2014
Millicent,01/05/2014
Millicent,10/04/2014
Millicent,27/03/2014
Millicent,13/03/2014
Millicent,27/02/2014
Millicent,13/02/2014
Millicent,06/02/2014
Millicent,30/01/2014
Millicent,23/01/2014
Millicent,09/01/2014
Millicent,12/12/2013
Millicent,05/12/2013
Millicent,28/11/2013
Millicent,21/11/2013
Millicent,07/11/2013
Millicent,24/10/2013
Millicent,10/10/2013
Millicent,26/09/2013
Millicent,12/09/2013
Millicent,29/08/2013
Millicent,15/08/2013
Millicent,01/08/2013
Millicent,11/07/2013
Millicent,27/06/2013
Millicent,06/06/2013
Millicent,09/05/2013
Millicent,18/04/2013
Millicent,04/04/2013
Millicent,21/03/2013
Millicent,14/03/2013
Millicent,28/02/2013
Millicent,14/02/2013
Millicent,31/01/2013
Millicent,17/01/2013
Millicent,10/01/2013
Millicent,03/01/2013
Millicent,13/12/2012
Millicent,06/12/2012
Millicent,29/11/2012
Millicent,22/11/2012
Millicent,15/11/2012
Millicent,08/11/2012
Millicent,25/10/2012
Millicent,18/10/2012
Millicent,11/10/2012
Millicent,27/09/2012
Millicent,13/09/2012
Millicent,30/08/2012
Millicent,16/08/2012
Millicent,02/08/2012
Millicent,19/07/2012
Millicent,21/06/2012
Millicent,07/06/2012
Millicent,10/05/2012
Millicent,26/04/2012
Millicent,12/04/2012
Millicent,29/03/2012
Moreton,20/08/2013
Moreton,13/08/2013
Moreton,06/08/2013
Moreton,30/07/2013
Moreton,23/07/2013
Moreton,09/07/2013
Moreton,25/06/2013
Moreton,18/06/2013
Moreton,11/06/2013
Moreton,28/05/2013
Moreton,21/05/2013
Moreton,14/05/2013
Moreton,07/05/2013
Moreton,30/04/2013
Moreton,23/04/2013
Moreton,16/04/2013
Moreton,09/04/2013
Mortlake,18/09/2023
Mortlake,11/09/2023
Mortlake,04/09/2023
Moss Vale,20/03/2024
Moss Vale,13/03/2024
Moss Vale,06/03/2024
Moss Vale,28/02/2024
Moss Vale,21/02/2024
Moss Vale,14/02/2024
Moss Vale,07/02/2024
Moss Vale,31/01/2024
Moss Vale,24/01/2024
Moss Vale,17/01/2024
Moss Vale,10/01/2024
Moss Vale,20/12/2023
Moss Vale,13/12/2023
Moss Vale,06/12/2023
Moss Vale,29/11/2023
Moss Vale,22/11/2023
Moss Vale,15/11/2023
Moss Vale,08/11/2023
Moss Vale,01/11/2023
Mount Barker,23/05/2024
Mount Barker,16/05/2024
Mount Barker,09/05/2024
Mount Barker,02/05/2024
Mount Barker,18/04/2024
Mount Barker,11/04/2024
Mount Barker,04/04/2024
Mount Barker,21/03/2024
Mount Barker,14/03/2024
Mount Barker,07/03/2024
Mount Barker,01/03/2024
Mount Barker,29/02/2024
Mount Barker,22/02/2024
Mount Barker,16/02/2024
Mount Barker,15/02/2024
Mount Barker,08/02/2024
Mt Compass,06/03/2024
Mt Compass,21/02/2024
Mt Compass,14/02/2024
Mt Compass,07/02/2024
Mt Compass,31/01/2024
Mt Compass,24/01/2024
Mt Compass,17/01/2024
Mt Compass,10/01/2024
Mt Compass,03/01/2024
Mt Compass,13/12/2023
Mt Compass,06/12/2023
Mt Compass,29/11/2023
Mt Compass,22/11/2023
Mt Compass,15/11/2023
Mt Compass,08/11/2023
Mt Compass,01/11/2023
Mt Compass,25/10/2023
Mt Compass,18/10/2023
Mt Compass,11/10/2023
Mt Compass,04/10/2023
Mt Compass,27/09/2023
Mt Compass,20/09/2023
Mt Compass,13/09/2023
Mt Compass,06/09/2023
Muchea,16/10/2023
Murgon,30/04/2013
Murgon,23/04/2013
Murgon,16/04/2013
Murgon,09/04/2013
Murgon,26/03/2013
Murgon,19/02/2013
Murgon,22/01/2013
Murgon,15/01/2013
Murgon,11/12/2012
Naracoorte,21/05/2024
Naracoorte,14/05/2024
Naracoorte,07/05/2024
Naracoorte,30/04/2024
Naracoorte,23/04/2024
Naracoorte,16/04/2024
Naracoorte,09/04/2024
Naracoorte,02/04/2024
Naracoorte,19/03/2024
Naracoorte,12/03/2024
Naracoorte,05/03/2024
Naracoorte,27/02/2024
National AuctionsPlus online,29/03/2019
National AuctionsPlus online,22/03/2019
National AuctionsPlus online,15/03/2019
National AuctionsPlus online,08/03/2019
National AuctionsPlus online,01/03/2019
National AuctionsPlus online,22/02/2019
National AuctionsPlus online,15/02/2019
National AuctionsPlus online,08/02/2019
National AuctionsPlus online,01/02/2019
National AuctionsPlus online,25/01/2019
National AuctionsPlus online,18/01/2019
National AuctionsPlus online,11/01/2019
National AuctionsPlus online,14/12/2018
National AuctionsPlus online,07/12/2018
National AuctionsPlus online,30/11/2018
National AuctionsPlus online,23/11/2018
National AuctionsPlus online,16/11/2018
National AuctionsPlus online,09/11/2018
National AuctionsPlus online,02/11/2018
National AuctionsPlus online,26/10/2018
National AuctionsPlus online,19/10/2018
National AuctionsPlus online,12/10/2018
National AuctionsPlus online,05/10/2018
National AuctionsPlus online,28/09/2018
National AuctionsPlus online,21/09/2018
National AuctionsPlus online,14/09/2018
National AuctionsPlus online,07/09/2018
National AuctionsPlus online,31/08/2018
National AuctionsPlus online,24/08/2018
National AuctionsPlus online,17/08/2018
National AuctionsPlus online,10/08/2018
National AuctionsPlus online,03/08/2018
National AuctionsPlus online,27/07/2018
National AuctionsPlus online,20/07/2018
National AuctionsPlus online,13/07/2018
National AuctionsPlus online,06/07/2018
National AuctionsPlus online,29/06/2018
National AuctionsPlus online,22/06/2018
National AuctionsPlus online,15/06/2018
National AuctionsPlus online,08/06/2018
National AuctionsPlus online,01/06/2018
National AuctionsPlus online,25/05/2018
National AuctionsPlus online,18/05/2018
National AuctionsPlus online,11/05/2018
National AuctionsPlus online,04/05/2018
National AuctionsPlus online,27/04/2018
National AuctionsPlus online,20/04/2018
National AuctionsPlus online,13/04/2018
National AuctionsPlus online,06/04/2018
National AuctionsPlus online,30/03/2018
National AuctionsPlus online,23/03/2018
National AuctionsPlus online,16/03/2018
National AuctionsPlus online,09/03/2018
National AuctionsPlus online,02/03/2018
National AuctionsPlus online,23/02/2018
National AuctionsPlus online,16/02/2018
National AuctionsPlus online,09/02/2018
National AuctionsPlus online,02/02/2018
National AuctionsPlus online,26/01/2018
National AuctionsPlus online,19/01/2018
National AuctionsPlus online,12/01/2018
National AuctionsPlus online,05/01/2018
National AuctionsPlus online,15/12/2017
National AuctionsPlus online,08/12/2017
National AuctionsPlus online,01/12/2017
National AuctionsPlus online,24/11/2017
National AuctionsPlus online,17/11/2017
National AuctionsPlus online,10/11/2017
National AuctionsPlus online,03/11/2017
National AuctionsPlus online,27/10/2017
National AuctionsPlus online,20/10/2017
National AuctionsPlus online,13/10/2017
NVLX Barnawartha,11/03/2015
NVLX Barnawartha,10/03/2015
NVLX Barnawartha,04/03/2015
NVLX Barnawartha,03/03/2015
NVLX Barnawartha,25/02/2015
NVLX Barnawartha,24/02/2015
NVLX Barnawartha,18/02/2015
NVLX Barnawartha,17/02/2015
NVLX Wodonga,06/02/2024
NVLX Wodonga,30/01/2024
NVLX Wodonga,23/01/2024
NVLX Wodonga,16/01/2024
NVLX Wodonga,09/01/2024
NVLX Wodonga,19/12/2023
NVLX Wodonga,12/12/2023
NVLX Wodonga,05/12/2023
NVLX Wodonga,28/11/2023
NVLX Wodonga,21/11/2023
NVLX Wodonga,14/11/2023
NVLX Wodonga,07/11/2023
NVLX Wodonga,31/10/2023
NVLX Wodonga,24/10/2023
Oakey,06/08/2020
Oakey,10/08/2018
Powranna,24/10/2023
Powranna,17/10/2023
Powranna,10/10/2023
Roma Prime,21/11/2019
Roma Prime,07/11/2019
Roma Prime,10/10/2019
Roma Prime,26/09/2019
Roma Prime,12/09/2019
Roma Prime,29/08/2019
Roma Prime,15/08/2019
Roma Prime,01/08/2019
Roma Prime,18/07/2019
Roma Prime,27/06/2019
Roma Prime,13/06/2019
Roma Prime,30/05/2019
Roma Prime,16/05/2019
Roma Prime,02/05/2019
Roma Prime,11/04/2019
Roma Prime,21/03/2019
Roma Prime,14/03/2019
Roma Prime,07/03/2019
Roma Prime,28/02/2019
Roma Prime,21/02/2019
Roma Prime,14/02/2019
Roma Prime,07/02/2019
Roma Prime,31/01/2019
Roma Prime,24/01/2019
Roma Prime,17/01/2019
Roma Prime,06/12/2018
Roma Prime,22/11/2018
Roma Prime,08/11/2018
Roma Prime,25/10/2018
Roma Prime,11/10/2018
Roma Prime,04/10/2018
Roma Prime,27/09/2018
Roma Prime,20/09/2018
Roma Prime,13/09/2018
Roma Prime,06/09/2018
Roma Prime,30/08/2018
Roma Prime,23/08/2018
Roma Prime,16/08/2018
Roma Prime,09/08/2018
Roma Prime,02/08/2018
Roma Prime,26/07/2018
Roma Prime,19/07/2018
Roma Prime,12/07/2018
Roma Store,10/10/2023
SA Livestock Exchange,18/07/2023
SA Livestock Exchange,11/07/2023
Scone,27/02/2024
Scone,20/02/2024
Scone,13/02/2024
Scone,06/02/2024
Scone,30/01/2024
Scone,23/01/2024
Scone,16/01/2024
Scone,09/01/2024
Scone,12/12/2023
Scone,05/12/2023
Scone,28/11/2023
Scone,21/11/2023
Scone,14/11/2023
Scone,07/11/2023
Scone,31/10/2023
Scone,24/10/2023
Scone,17/10/2023
SELX Yass,11/04/2024
SELX Yass,04/04/2024
SELX Yass,21/03/2024
SELX Yass,14/03/2024
SELX Yass,07/03/2024
SELX Yass,29/02/2024
SELX Yass,22/02/2024
SELX Yass,15/02/2024
SELX Yass,08/02/2024
SELX Yass,01/02/2024
SELX Yass,25/01/2024
SELX Yass,18/01/2024
SELX Yass,11/01/2024
SELX Yass,14/12/2023
SELX Yass,07/12/2023
SELX Yass,30/11/2023
SELX Yass,23/11/2023
SELX Yass,16/11/2023
SELX Yass,09/11/2023
SELX Yass,02/11/2023
SELX Yass,26/10/2023
SELX Yass,19/10/2023
SELX Yass,12/10/2023
Shepparton,30/04/2024
Shepparton,23/04/2024
Shepparton,16/04/2024
Shepparton,09/04/2024
Shepparton,02/04/2024
Shepparton,26/03/2024
Shepparton,19/03/2024
Shepparton,12/03/2024
Shepparton,05/03/2024
Shepparton,27/02/2024
Shepparton,20/02/2024
Shepparton,13/02/2024
Shepparton,06/02/2024
Shepparton,30/01/2024
Shepparton,23/01/2024
Shepparton,16/01/2024
Shepparton,09/01/2024
Silverdale,05/12/2012
Silverdale,05/09/2012
Silverdale,22/08/2012
Silverdale,15/08/2012
Silverdale,18/04/2012
Silverdale,04/04/2012
Silverdale,21/03/2012
Silverdale,11/01/2012
Silverdale,14/12/2011
Silverdale,07/12/2011
Silverdale,30/11/2011
Silverdale,05/10/2011
Silverdale,17/08/2011
Silverdale,10/08/2011
Silverdale,03/08/2011
Silverdale,23/03/2011
Silverdale,09/03/2011
Silverdale,02/03/2011
Silverdale,16/02/2011
Silverdale,02/02/2011
Silverdale,26/01/2011
Silverdale,19/01/2011
Silverdale,15/12/2010
Silverdale,08/12/2010
Silverdale,10/11/2010
Silverdale,27/10/2010
Silverdale,20/10/2010
Silverdale,13/10/2010
Silverdale,06/10/2010
Silverdale,22/09/2010
Silverdale,15/09/2010
Silverdale,01/09/2010
Silverdale,25/08/2010
Silverdale,18/08/2010
Silverdale,04/08/2010
Silverdale,28/07/2010
Silverdale,21/07/2010
Silverdale,07/07/2010
Silverdale,19/05/2010
Silverdale,12/05/2010
Silverdale,05/05/2010
Silverdale,14/04/2010
Silverdale,07/04/2010
Silverdale,31/03/2010
Silverdale,10/03/2010
Silverdale,03/03/2010
Silverdale,24/02/2010
Silverdale,17/02/2010
Silverdale,10/02/2010
Silverdale,03/02/2010
Silverdale,27/01/2010
Silverdale,13/01/2010
Silverdale,06/01/2010
Toowoomba,12/12/2022
Toowoomba,05/12/2022
Toowoomba,28/11/2022
Toowoomba,21/11/2022
Toowoomba,14/11/2022
Toowoomba,07/11/2022
Toowoomba,31/10/2022
TRLX Tamworth,04/09/2023
TRLX Tamworth,28/08/2023
Wagga,26/08/2024
Wagga,19/08/2024
Wagga,12/08/2024
Wagga,05/08/2024
Wagga,29/07/2024
Wagga,22/07/2024
Wagga,15/07/2024
Wagga,08/07/2024
Wagga,01/07/2024
Wagga,24/06/2024
Wagga,17/06/2024
Wagga,03/06/2024
Wagga,27/05/2024
Wagga,20/05/2024
Wagga,13/05/2024
Wagga,06/05/2024
Wagga,29/04/2024
Wagga,22/04/2024
Wagga,15/04/2024
Wagga,08/04/2024
Wagga,25/03/2024
Wagga,18/03/2024
Wagga,11/03/2024
Wagga,04/03/2024
Wagga,26/02/2024
Wagga,19/02/2024
Wagga,12/02/2024
Wagga,05/02/2024
Wagga,29/01/2024
Wagga,22/01/2024
Wagga,15/01/2024
Wagga,08/01/2024
Wagga,18/12/2023
Wagga,11/12/2023
Wagga,04/12/2023
Wagga,27/11/2023
Wagga,20/11/2023
Wagga,13/11/2023
Wagga,06/11/2023
Wagga,30/10/2023
Wagga,23/10/2023
Wagga,16/10/2023
Wagga,09/10/2023
Wagga,25/09/2023
Warrnambool,14/12/2022
Warrnambool,07/12/2022
Warrnambool,30/11/2022
Warrnambool,23/11/2022
Warrnambool,16/11/2022
Warrnambool,09/11/2022
Warrnambool,02/11/2022
Warrnambool,26/10/2022
Warrnambool,19/10/2022
Warrnambool,12/10/2022
Warrnambool,05/10/2022
Warrnambool,28/09/2022
Warrnambool,14/09/2022
Warrnambool,07/09/2022
Warrnambool,31/08/2022
Warrnambool,24/08/2022
Warrnambool,17/08/2022
Warrnambool,10/08/2022
Warrnambool,03/08/2022
Warrnambool,27/07/2022
Warrnambool,20/07/2022
Warrnambool,13/07/2022
Warrnambool,06/07/2022
Warrnambool,29/06/2022
Warrnambool,22/06/2022
Warwick,26/09/2023
Armidale,10/04/2025
Armidale,27/03/2025
Armidale,13/03/2025
Charters Towers,23/04/2025
CTLX Carcoar,22/04/2025
CVLX Ballarat,23/04/2025
Dubbo,24/04/2025
IRLX Inverell,22/04/2025
Moss Vale,23/04/2025
NVLX Wodonga,22/04/2025
